sentence	label
with outtakes in which most of the characters forget their lines and just utter ` uhhh , ' which is better than most of the writing in the movie 	0
enigma is well-made 	1
is ) so stoked to make an important film about human infidelity and happenstance that he tosses a kitchen sink onto a story already overladen with plot conceits . 	0
the closest thing to the experience of space travel 	1
lose their luster 	0
reopens an interesting controversy and 	1
competent , unpretentious entertainment 	1
an effective portrait of a life in stasis 	1
transcendent performance 	1
so vivid 	1
' rip-off 	0
its hackneyed and meanspirited storyline with cardboard characters and performers 	0
a rollicking good time for the most part 	1
not funny performers 	0
who has reached puberty actually finding the characters in slackers or their antics amusing , let alone funny 	0
entering 	1
and revolutionary spirit 	1
of deft and subtle poetry 	1
a buoyant delivery 	1
is worth a look for its true-to-life characters , its sensitive acting , its unadorned view of rural life and the subtle direction of first-timer hilary birmingham 	1
brainless 	0
a good chance of being the big 	1
there 's no conversion effort , much of the writing is genuinely witty and both stars are appealing enough to probably have a good shot at a hollywood career , if they want one . 	1
like jimmy 's routines 	1
is less concerned with cultural and political issues than doting on its eccentric characters . 	0
all too predictable and far too cliched 	0
hip-hop rarely comes alive as its own fire-breathing entity in this picture . 	0
such a flat , plodding picture 	0
awe and affection -- and a strange urge to get on a board and , uh , shred , dude 	1
is inspiring , ironic , and revelatory of just how ridiculous and money-oriented the record industry really is . 	1
that his genre and his character construct is a wonderous accomplishment of veracity and narrative grace 	1
masterful british actor ian holm 	1
it shows us a slice of life that 's very different from our own and yet instantly recognizable . 	1
action-adventure buffs 	1
all the sibling rivalry and 	0
treads heavily into romeo and juliet/west side story territory , where it plainly has no business going 	0
about a wild-and-woolly , wall-to-wall good time 	1
so many red herrings , 	0
expects something special but instead gets ( sci-fi ) rehash . 	0
gave people seizures 	0
has rewards , from the exoticism of its seas of sand to the fierce grandeur of its sweeping battle scenes 	1
wonderful 	1
of dark humor , gorgeous exterior photography , and a stable-full of solid performances 	1
and there 's an element of heartbreak to watching it now , with older and wiser eyes , because we know what will happen after greene 's story ends . 	1
jaw-droppingly superficial 	0
venice beach that was a deserved co-winner of the audience award for documentaries at the sundance film festival 	1
straight-ahead 	1
's really an exercise in gross romanticization of the delusional personality type 	0
's a rather listless amble down the middle of the road , where the thematic ironies are too obvious and the sexual politics too smug 	0
scores a direct hit 	1
an often intense character study 	1
enjoy much of jonah simply , and gratefully , as laugh-out-loud lunacy with a pronounced monty pythonesque flavor 	1
as a good old-fashioned adventure for kids , spirit 	1
godard uses his characters -- if that 's not too glorified a term -- as art things , mouthpieces , visual motifs , blanks . 	0
no cliche escapes the perfervid treatment of gang warfare called ces wild . 	0
the acting , for the most part 	1
the logic of it all will be greek to anyone not predisposed to the movie 's rude and crude humor . 	0
but arriving at a particularly dark moment in history , it offers flickering reminders of the ties that bind us . 	1
mr. schnitzler proves himself a deft pace master and stylist . 	1
this family film sequel is plenty of fun for all . 	1
is just the point 	1
indie . 	1
to ask people to sit still for two hours and change watching such a character , especially when rendered in as flat and impassive a manner as phoenix 's 	0
to remake sleepless in seattle again and again 	0
ranks with the best of herzog 's works 	1
unbelievable naïveté and arbitrary flashbacks 	0
with an idea buried somewhere inside its fabric , but never clearly seen or felt 	0
so muddled , repetitive and ragged that it says far less about the horrifying historical reality than about the filmmaker 's characteristic style . 	0
disconcertingly slack 	0
mindless action movie 	0
delicate treatment 	1
called best bad film you thought was going to be really awful but 	0
gets very ugly , very fast 	0
begin with 	1
hate yourself 	0
this is a gorgeous film - vivid with color , music and life . 	1
by characters who are nearly impossible to care about 	0
interesting look 	1
beyond road warrior , it owes enormous debts to aliens and every previous dragon drama 	1
lopez romantic comedy 	1
as some of the recent hollywood trip tripe 	0
will dip into your wallet , swipe 90 minutes of your time , and offer you precisely this in recompense : a few early laughs scattered around a plot as thin as it is repetitious 	0
it 's a treat -- a delightful , witty , improbable romantic comedy with a zippy jazzy score ... grant and bullock make it look as though they are having so much fun . 	1
is eerily convincing as this bland blank of a man with unimaginable demons within 	1
doing unpleasant things to each other and themselves 	0
could n't someone take rob schneider and have him switch bodies with a funny person 	0
the story is smart and entirely charming in intent and execution . 	1
enhanced by a surplus of vintage archive footage 	1
completely serviceable and quickly forgettable 	0
dreamy and 	1
the story has its redundancies , and the young actors , not very experienced , are sometimes inexpressive 	0
like all great films about a life you never knew existed , it offers much to absorb and even more to think about after the final frame . 	1
this deeply moving french drama develops a startling story that works both as a detailed personal portrait and as a rather frightening examination of modern times . 	1
does n't bode well for the rest of it 	0
much of all about lily chou-chou is mesmerizing : 	1
comforting fantasies 	1
the jokes are sophomoric , stereotypes are sprinkled everywhere and the acting ranges from bad to bodacious 	0
sexy , violent , self-indulgent and maddening 	0
severe body odor 	0
in spite of all that he 's witnessed , remains surprisingly idealistic 	1
your favorite pet get buried alive 	0
only has about 25 minutes of decent material . 	0
that 's apparently just what ( aniston ) has always needed to grow into a movie career 	1
is always a joy to watch , even when her material is not first-rate 	1
visual delight 	1
a terrific b movie -- 	1
is a pan-american movie , with moments of genuine insight into the urban heart 	1
a funny and well-contructed black comedy where the old adage `` be careful what you wish for '' is given a full workout . 	1
stunning images and effects 	1
appears jagged , as if filmed directly from a television monitor , while the extensive use of stock footage quickly becomes a tiresome cliché . 	0
its hard to imagine having more fun watching a documentary ... 	1
the santa clause 2 proves itself a more streamlined and thought out encounter than the original could ever have hoped to be . 	1
well-timed explosion 	1
the effort is sincere and the results are honest 	1
effective in all its aspects 	1
, and for the memorable character creations 	1
's weird , wonderful , and not necessarily for kids 	1
moulin rouge 	1
illustrates the ability of the human spirit to overcome adversity . 	1
as boring before i see this piece of crap again 	0
you 'd swear you 	1
walks a tricky tightrope between being wickedly funny and just plain wicked 	0
an old-fashioned but emotionally stirring adventure tale 	1
probably wo n't have you swinging from the trees hooting it 's praises 	0
a fascinating glimpse of urban life and the class warfare that embroils two young men 	1
is a dark , gritty , sometimes funny little gem 	1
to courage and happiness 	1
a ton of laughs 	1
rich in shadowy metaphor 	1
transcends its agenda to deliver awe-inspiring , at times sublime , visuals and offer a fascinating glimpse into the subculture of extreme athletes whose derring-do puts the x into the games 	1
a whole lot 	1
enactments , however fascinating they may be as history , are too crude to serve the work especially well 	0
the ring never lets you off the hook . 	1
emotional conviction 	1
bubbly 	1
an erotic thriller that 	1
ca n't help but get caught up in the thrill of the company 's astonishing growth . 	1
dramatically lackluster 	0
they come , already having been recycled more times than i 'd care to count 	0
rarely has sex on screen been so aggressively anti-erotic . 	0
the color sense of stuart little 2 is its most immediate and most obvious pleasure , 	1
a couple of saps stuck in an inarticulate screenplay 	0
, self-assured 	1
( hayek ) throws herself into this dream hispanic role with a teeth-clenching gusto , 	1
odd , inexplicable and unpleasant 	0
the ease with which it integrates thoughtfulness and pasta-fagioli comedy 	1
speaks for itself 	1
zhuangzhuang creates delicate balance of style , text , and subtext that 's so simple and precise that anything discordant would topple the balance , 	1
seems content to dog-paddle in the mediocre end of the pool , and it 's a sad , sick sight 	0
you might want to check it out 	1
the trappings of i spy are so familiar you might as well be watching a rerun . 	0
, you 'd probably turn it off , convinced that you had already seen that movie . 	0
the threat implied in the title pokémon 4ever is terrifying 	0
in its own simplicity 	1
is hereby given fair warning . 	0
by an angel simplicity 	1
dead 	0
his movie veers like a drunken driver through heavy traffic 	0
viewers will wish there had been more of the `` queen '' and less of the `` damned . '' 	0
sweetness and vulnerability 	1
reverent 	1
celluloid heaven 	1
real visual charge 	1
animation back 30 years 	0
almost everyone growing up believes their family must look like `` the addams family '' to everyone looking in ... `` my big fat greek wedding '' comes from the heart ... 	1
has the requisite faux-urban vibe and hotter-two-years-ago rap and r&b names and references . 	0
's so not-at-all-good 	0
all but spits out denzel washington 's fine performance in the title role . 	1
polished , well-structured film . 	1
an honored screen veteran and a sparkling newcomer who instantly transform themselves into a believable mother/daughter pair 	1
no worse 	0
has been written so well , that even a simple `` goddammit 	1
's fairly lame 	0
overall , it 's a very entertaining , thought-provoking film with a simple message 	1
like a fragment of an underdone potato 	0
crafted a solid formula for successful animated movies 	1
interesting to witness the conflict from the palestinian side 	1
amusements 	1
a generic bloodbath that often becomes laughably unbearable when it is n't merely offensive . 	0
it 's not just a feel-good movie 	1
you to give it a millisecond of thought 	1
imaginatively mixed cast 	1
almost everyone growing up believes their family must look like `` the addams family '' to everyone looking in 	1
the character 's gripping humanity 	1
a dash of the avant-garde fused with their humor 	1
forgets about her other obligations , leading to a tragedy which is somehow guessable from the first few minutes , maybe because it echoes the by now intolerable morbidity of so many recent movies 	0
's a work that , with humor , warmth , and intelligence , captures a life interestingly lived . 	1
ultimately the story compels 	1
to put a lump in your throat while reaffirming washington as possibly the best actor working in movies today 	1
it 's waltzed itself into the art film pantheon . 	1
there 's an admirable rigor to jimmy 's relentless anger , and to the script 's refusal of a happy ending , but as those monologues stretch on and on , you realize there 's no place for this story to go but down 	0
caper thrills 	1
the unexpected thing is that its dying , in this shower of black-and-white psychedelia , is quite beautiful . 	1
cowardly 	0
little doubt that kidman has become one of our best actors 	1
makes the same mistake as the music industry it criticizes , 	0
slow and ponderous , 	0
with grace and humor and gradually 	1
the ending is all too predictable and far too cliched to really work 	0
elegantly crafted but emotionally cold , a puzzle whose intricate construction one can admire but is difficult to connect with on any deeper level . 	0
more measured or polished production 	1
a child 's interest and an adult 's patience 	0
delivered dialogue and a heroine who comes across as both shallow and dim-witted 	0
as inept as big-screen remakes of the avengers and the wild wild west . 	0
, crocodile hunter has the hurried , badly cobbled look of the 1959 godzilla , which combined scenes of a japanese monster flick with canned shots of raymond burr commenting on the monster 's path of destruction . 	0
dave barry 's popular book 	1
leave you marveling at these guys ' superhuman capacity to withstand pain 	1
the fascination comes in the power of the huston performance , which seems so larger than life and yet so fragile , and 	1
not counting a few gross-out comedies i 've been trying to forget 	0
is so bad , that it 's almost worth seeing because it 's so bad . 	0
well to cram earplugs 	0
is a genuine love story , full of traditional layers of awakening and ripening and separation and recovery 	1
payne has created a beautiful canvas , 	1
makes for one of the most purely enjoyable and satisfying evenings at the movies i 've had in a while 	1
in by the sympathetic characters 	1
turns out to be clever , amusing and unpredictable 	1
up as the worst kind of hubristic folly 	0
genuine narrative 	1
is at once playful and haunting , an in-depth portrait of an iconoclastic artist who was fundamentally unknowable even to his closest friends . 	1
, insightfully human 	1
an evanescent , seamless and sumptuous stream 	1
is that van wilder does little that is actually funny with the material . 	0
whirlwind 	1
that assumes you are n't very bright 	0
by halfway through this picture i was beginning to hate it , and , of course 	0
the biggest problem 	0
absurd collection 	0
er , bubbly 	1
originality 	1
lustrous polished 	1
those who are only mildly curious , i fear , will be put to sleep or bewildered by the artsy and often pointless visuals . 	0
after one gets the feeling that the typical hollywood disregard for historical truth and realism is at work here 	0
wears its empowerment 	1
powerful look 	1
left off the film 's predictable denouement 	0
enough , but nothing new 	0
the plot holes are big enough for a train car to drive through -- if kaos had n't blown them all up 	0
that the e-graveyard holds as many good ideas as bad is the cold comfort that chin 's film serves up with style and empathy . 	1
( toback 's ) fondness for fancy split-screen , stuttering editing and pompous references to wittgenstein and kirkegaard ... blends uneasily with the titillating material . 	0
, sometimes beautiful adaptation 	1
none can equal 	1
a bittersweet drama 	1
with the ferocity of a frozen burrito 	0
a disappointment 	0
results from adhering to the messiness of true stories 	0
grace that still leaves shockwaves 	1
bluto blutarsky , we miss you . 	1
delighted with the fast , funny , and even touching story 	1
the movie is concocted and carried out by folks worthy of scorn , and 	0
i like all four of the lead actors a lot and 	1
and it is n't that funny . 	0
references to faith and rainbows to plant smile-button faces on that segment of the populace that made a walk to remember a niche hit 	1
are just too many characters saying too many clever things and getting into too many pointless situations 	0
a barf bag 	0
has little insight into the historical period and its artists 	0
technically superb 	1
a movie , a vampire soap opera that does n't make much 	0
succeeds as a powerful look at a failure of our justice system . 	1
is more likely to induce sleep than fright 	0
like its bizarre heroine , it irrigates our souls . 	1
watching this film with an audience full of teenagers fixating on its body humor and reinforcement of stereotypes 	0
every bit as distinctive 	1
is as padded as allen 's jelly belly 	0
is sure to win viewers ' hearts 	1
see the forest for the trees 	1
vibrant and intoxicating 	1
about as humorous 	0
was particularly funny 	1
is visually smart , 	1
can be as tiresome as 9 seconds of jesse helms ' anti- castro 	0
might add -- slice of comedic bliss 	1
a compelling story of musical passion against governmental odds 	1
have absolutely no idea who the main characters are until the film is well under way -- and yet it 's hard to stop watching 	1
at its best 	1
may be the performances of their careers 	1
would be a lot better if it pared down its plots and characters to a few rather than dozens ... or if it were subtler ... or if it had a sense of humor 	0
worst excesses 	0
ice age wo n't drop your jaw , but it will warm your heart , and i 'm giving it a strong thumbs up . 	1
plays like a glossy melodrama that occasionally verges on camp . 	0
even a hardened voyeur would require the patience of job to get through this interminable , shapeless documentary about the swinging subculture . 	0
a bit cold and 	0
is a battle of witlessness between a not-so-bright mother and daughter and an even less capable trio of criminals 	0
's consistently funny , in an irresistible junior-high way , and consistently free of any gag that would force you to give it a millisecond of thought . 	1
exciting and well-paced 	1
unrelentingly grim -- and 	0
... may work as an addictive guilty pleasure but the material never overcomes its questionable satirical ambivalence . 	0
do well to cram earplugs in their ears and 	0
clever angle 	1
set out to lampoon , anyway . 	0
sweet cinderella story 	1
, she sees it as a chance to revitalize what is and always has been remarkable about clung-to traditions . 	1
is , in a word , brilliant as the conflicted daniel . 	1
dignified 	1
by its predictable plot and paper-thin supporting characters 	0
ally mcbeal-style fantasy sequences 	1
class warfare 	0
priggish , lethargically paced parable of renewal . 	0
stuffy and 	0
into feel-good territory 	1
2002 's first great film 	1
is clever , offbeat and even gritty enough to overcome my resistance . 	1
a lasting impression 	1
funny and also heartwarming without stooping to gooeyness 	1
divine secrets of the ya-ya sisterhood suffers from a ploddingly melodramatic structure 	0
seems to want to be a character study , but apparently 	0
is exhaustion , from watching a movie that is dark ( dark green , to be exact ) , sour , bloody and mean . 	0
the bland songs 	0
hitler 's 	0
finds no way to entertain or inspire its viewers 	0
the best advice is : ` scooby ' do n't . 	0
is also elevated by it -- the kind of movie that you enjoy more because you 're one of the lucky few who sought it out . 	1
winds up looking like a bunch of talented thesps slumming it 	0
lacks 	0
i do n't know if frailty will turn bill paxton into an a-list director , but he can rest contentedly with the knowledge that he 's made at least one damn fine horror movie . 	1
also is n't embarrassed to make you reach for the tissues 	1
edge 	1
might have been called freddy gets molested by a dog 	0
, one could rent the original and get the same love story and parable . 	0
in practically every facet of inept filmmaking 	0
like shiner 's organizing of the big fight , pulls off enough 	1
frailty fascinates 	1
captures the complicated relationships in a marching band . 	1
do not fit 	0
mesmerizing one 	1
robin williams has thankfully ditched the saccharine sentimentality of bicentennial man in favor of an altogether darker side . 	1
inert sci-fi action thriller 	0
limited chemistry 	0
this pathetic junk is barely an hour long . 	0
'll find in this dreary mess . 	0
an admitted egomaniac , evans is no hollywood villain , and yet this grating showcase almost makes you wish he 'd gone the way of don simpson . 	0
do n't have a clue on the park . 	0
an amusing and unexpectedly insightful examination of sexual jealousy , resentment and the fine 	1
worse , 	0
kung pow seems like some futile concoction that was developed hastily after oedekerk and 	0
utterly charming 	1
a chilling tale of one of the great crimes of 20th century france : the murder of two rich women by their servants in 1933 	1
-- sadly -- 	0
disappointing in comparison to other recent war movies ... or 	0
soul-stirring 	1
the only question ... is to determine how well the schmaltz is manufactured -- to assess the quality of the manipulative engineering . 	0
the rat-a-tat energy 	1
goosebumps as its uncanny tale of love , communal discord , and justice 	1
knows its classical music 	1
cold , 	0
observant , unfussily poetic meditation 	1
so insanely dysfunctional 	0
audience-pleaser 	1
that so many people put so much time and energy into this turkey 	0
it is entertaining on an inferior level . 	0
beautiful paean 	1
take care is nicely performed by a quintet of actresses , 	1
a treatise on spirituality as well as a solid sci-fi thriller 	1
a nicely understated expression of the grief 	1
fluffy neo-noir 	0
never pushes for insights beyond the superficial tensions of the dynamic he 's dissecting 	0
limps along 	0
becoming irritating 	0
spectacular 	1
cinematic razzle-dazzle 	1
surprisingly uninvolving 	0
savvy director robert j. siegel and his co-writers keep the story subtle and us in suspense . 	1
a diverse and astonishingly articulate 	1
try to create characters out of the obvious cliches , but wind up using them as punching bags 	0
the hanukkah spirit seems fried in pork . 	0
banality and hypocrisy 	0
an old-fashioned but emotionally stirring adventure tale of the kind they 	1
maybe because it echoes the by now intolerable morbidity of so many recent movies 	0
a bad-movie way 	0
tell you that there 's no other reason why anyone should bother remembering it 	0
's a stale , overused cocktail using the same olives since 1962 as garnish 	0
they will have a showdown , but , 	1
is just sooooo tired 	0
notice the flaws 	0
more to think about after the final frame 	1
this marvelous film 	1
: stallion of the cimarron is a winner . 	1
from the classics 	1
this clever and very satisfying picture 	1
the better film 's ability to make its subject interesting to those who are n't part of its supposed target audience 	1
this one is not nearly as dreadful as expected . 	1
an almost palpable sense of intensity 	1
the testosterone-charged wizardry of jerry bruckheimer productions 	1
at best , cletis tout might inspire a trip to the video store -- in search of a better movie experience . 	0
stale and 	0
loved 	1
a smart and funny , albeit sometimes superficial , cautionary tale of a technology in search of an artist 	1
love , longing 	1
written , flatly , by david kendall 	0
will at least have a dream image of the west to savor whenever the film 's lamer instincts are in the saddle . 	0
, tiresome nature 	0
the needlessly poor quality 	0
splendid singing 	1
with enthusiasm , sensuality and a conniving wit 	1
twohy 's a good yarn-spinner , and ultimately the story compels 	1
( hayek ) throws herself into this dream hispanic role with a teeth-clenching gusto 	1
like mere splashing around 	0
ill-conceived and 	0
is that it 's a brazenly misguided project 	0
shockingly bad and absolutely unnecessary 	0
becomes a testament to faith 	1
a mess as this one 	0
a very capable nailbiter . 	1
this much imagination 	1
it completely contradicts everything kieslowski 's work aspired to , including the condition of art 	0
that would make this a moving experience for people who have n't read the book 	1
excruciating 	0
savvy director robert j. siegel and his co-writers 	1
's not a comedic moment in this romantic comedy . 	0
whimsical and relevant today 	1
makes for one of the most purely enjoyable and satisfying evenings at the movies i 've had in a while . 	1
`` simone '' is a fun and funky look into an artificial creation in a world that thrives on artificiality . 	1
the most restless young audience deserves the dignity of an action hero motivated by something more than franchise possibilities . 	0
on a positive ( if tragic ) note 	1
the first tunisian film i have ever seen , and it 's also probably the most good-hearted yet sensual entertainment i 'm likely to see all year 	1
the best actors 	1
the sensational true-crime hell-jaunt purists might like and more experimental in its storytelling ( though no less horrifying for it ) 	1
with acting , tone and pace very obviously mark him as a video helmer making his feature debut 	1
( stephen ) earnhart 's film is more about the optimism of a group of people who are struggling to give themselves a better lot in life than the ones they currently have . 	1
all works out 	1
but the performances of pacino , williams , and swank keep the viewer wide-awake all the way through . 	1
the movie generates plot points with a degree of randomness usually achieved only by lottery drawing . 	0
color and depth , and 	1
want to bolt the theater in the first 10 minutes 	0
to look american angst in the eye and end up laughing 	1
story to suit the sensibilities of a young american , a decision that plucks `` the four feathers '' 	1
hard , endearing , caring , warm . 	1
comeback 	1
unlikable , uninteresting , unfunny , and 	0
the best and most mature comedy 	1
to interesting cinematic devices ( cool visual backmasking ) , a solid cast , and some wickedly sick and twisted humor 	1
can get past the taboo subject matter 	1
straight-shooting family film 	1
his art , which is more than he has ever revealed before about the source of his spiritual survival 	1
group articulates a flood of emotion . 	1
so much that he refuses to evaluate his own work 	0
it pretends to investigate 	0
there 's a plethora of characters in this picture , 	1
the most memorable moment was when green threw medical equipment at a window ; not because it was particularly funny , but because i had a serious urge to grab the old lady at the end of my aisle 's walker and toss it at the screen in frustration . 	0
resemble the shapeless 	0
i did n't particularly like e.t. the first time i saw it as a young boy 	0
by a plot that 's just too boring and obvious 	0
danis 	1
a weird and wonderful comedy . 	1
comic energy 	1
sluggish pacing 	0
is clever and funny , 	1
walked out muttering words like `` horrible '' and `` terrible , '' but had so much fun dissing the film that they did n't mind the ticket cost 	0
hide new secretions 	0
is a bit like getting all excited about a chocolate eclair and then biting into it and finding the filling missing . 	0
any real emotional impact 	0
serves as a workable primer for the region 's recent history , and would make a terrific 10th-grade learning tool . 	1
o fantasma is boldly , confidently orchestrated , aesthetically and sexually , and its impact is deeply and rightly disturbing 	1
the superficial tensions of the dynamic he 's dissecting 	0
is overlong and not well-acted , but credit writer-producer-director 	0
highly entertaining 	1
adams just copies from various sources 	0
, washington has a sure hand . 	1
wo n't like looking at it 	0
works spectacularly well ... a shiver-inducing , nerve-rattling ride 	1
dramatic enough to sustain interest 	1
somewhat tired 	0
your first instinct is to duck 	0
a chilly , remote , emotionally distant piece ... so dull that its tagline should be : ` 	0
has none of the crackle of `` fatal attraction '' , `` 9 1/2 weeks '' , or even `` indecent proposal '' , and feels more like lyne 's stolid remake of `` lolita '' 	0
a china shop , a provocateur crashing into ideas and special-interest groups as he slaps together his own brand of liberalism 	1
acted and directed 	0
, revolution # 9 proves to be a compelling 	1
that the less charitable might describe as a castrated 	0
that old adage about women being unknowable gets an exhilarating new interpretation in morvern callar . 	1
rare to find a film to which the adjective ` gentle ' applies 	1
adams , with four scriptwriters , takes care with the characters , who are so believable that you feel what they feel . 	1
intelligent romantic thriller 	1
feel like three hours 	0
really won my heart 	1
a fanciful motion picture 	1
a devastating indictment of unbridled greed and materalism . 	0
dicey screen material 	0
a timid , soggy near miss . 	0
's already done way too often 	0
quietly hopeful 	1
this ready-made midnight movie probably wo n't stand the cold light of day , but under the right conditions , it 's goofy ( if not entirely wholesome ) fun 	1
though there 's a clarity of purpose and even-handedness to the film 's direction , the drama feels rigged and sluggish . 	0
gives ample opportunity 	1
one of its strengths 	1
skit-com material fervently deposited on the big screen . 	0
's a sit down and ponder affair 	1
a great cast and 	1
like 	1
would pay a considerable ransom not to be looking at 	0
should make it required viewing in university computer science departments for years to come 	1
is definitely worth seeing 	1
with attractive men 	1
maryam is more timely now than ever . 	1
a tremendous piece 	1
is too heady for children , and too preachy for adults 	0
loses its ability to shock and amaze 	0
thriller junk 	0
mumbo jumbo 	0
she is a lioness , protecting her cub , and he a reluctant villain , 	1
does n't contain half the excitement of balto , or quarter the fun of toy story 2 . 	0
contemptuous of the single female population 	0
a confluence of kiddie entertainment , sophisticated wit and symbolic graphic design . 	1
director charles stone iii applies more detail to the film 's music than to the story line ; what 's best about drumline is its energy 	1
painfully flat 	0
, manipulative 	0
a standard police-oriented drama that , were it not for de niro 's participation , would have likely wound up a tnt original . 	0
after one gets the feeling that the typical hollywood disregard for historical truth and realism is at work here , it 's a matter of finding entertainment in the experiences of zishe and the fiery presence of hanussen . 	1
the direction is intelligently accomplished 	1
to hand it to director george clooney for biting off such a big job the first time out 	1
worse than bland 	0
a movie ever could be 	1
if the film fails to fulfill its own ambitious goals , it nonetheless sustains interest during the long build-up of expository material . 	1
that is more accurate than anything i have seen in an american film 	1
see a feature that concentrates on people , a project in which the script and characters hold sway 	1
most anime , whose most ardent fans outside japan seem to be introverted young men with fantasy fetishes 	0
no sense of pride or shame 	0
effortlessly draws you in 	1
summer audience 	1
buoyant feeling 	1
has not a trace of humanity or empathy 	0
the worst kind of mythologizing , the kind that sacrifices real heroism and abject suffering for melodrama . 	0
remains 	0
, it might be like trying to eat brussels sprouts . 	0
need of some trims 	0
the sweetest thing leaves an awful sour taste . 	0
pretension about the film , which very simply sets out to entertain and ends up delivering in good measure 	1
effective enough at achieving the modest , crowd-pleasing goals it sets for itself 	1
a jaw-droppingly beautiful work that upends nearly every cliché of japanese animation while delivering a more than satisfactory amount of carnage . 	1
cry for your money back 	0
gussied up with so many distracting special effects and visual party tricks that it 's not clear whether we 're supposed to shriek or 	0
as i 'm the one that i want 	1
everyone 's 	1
which become strangely impersonal and abstract 	0
there 's too much forced drama in this wildly uneven movie , about a young man 's battle with his inescapable past and uncertain future in a very shapable but largely unfulfilling present . 	0
an irresistible blend of warmth and humor 	1
's supposed to be a romantic comedy 	0
a summer of good stuff 	1
as the scruffy sands of its titular community 	0
there surrender $ 9 and 93 minutes of unrecoverable life 	0
is one of those rare pictures 	1
are lukewarm and quick to pass . 	0
wonders , enhancing the cultural and economic subtext , bringing richer meaning to the story 's morals . 	1
keep you at the edge of your seat with its shape-shifting perils , political intrigue and brushes with calamity 	1
' and ` realistic ' 	1
me grinning 	1
seamless 	1
give blade fans another look at wesley snipes ' iconic hero doing battle with dozens of bad guys -- at once 	1
nicks refuses to let slackers be seen as just another teen movie , which means he can be forgiven for frequently pandering to fans of the gross-out comedy . 	1
sporting one of the worst titles in recent cinematic history 	0
as beautifully shaped 	1
one terrific score and attitude to spare 	1
violent and 	0
works better in the conception than it does in the execution ... winds up seeming just a little too clever 	0
with a lousy script , inept direction , pathetic acting , poorly dubbed dialogue and murky cinematography 	0
the action looks fake 	0
demme gets a lot of flavor and spice into his charade remake , but 	1
skip this turd 	0
no teeth 	0
even with its $ 50-million us budget , pinocchio never quite achieves the feel of a fanciful motion picture . 	0
a journey spanning nearly three decades of bittersweet camaraderie and history , in which we feel that we truly know what makes holly and marina tick , and our hearts go out to them as both continue to negotiate their imperfect , love-hate relationship . 	1
( johnnie to and wai ka fai are ) sure to find an enthusiastic audience among american action-adventure buffs , but the film 's interests may be too narrow to attract crossover viewers . 	0
illogical 	0
what begins as a conventional thriller evolves into a gorgeously atmospheric meditation on life-changing chance encounters . 	1
a sad , sordid universe 	0
the horizons of boredom to the point of collapse , turning into a black hole of dullness , from which no interesting concept can escape 	0
matters because both are just actory concoctions , defined by childlike dimness and a handful of quirks . 	0
comparatively sane and healthy 	1
like having two guys yelling in your face for two hours 	0
brutally dry satire 	0
modest amusements 	1
there was ever a movie where the upbeat ending feels like a copout 	0
energetic and sweetly 	1
lots of boring talking heads , etc . 	0
a lazy exercise 	0
a class with spike lee 's masterful 	1
seldom hammy 	1
take place indoors in formal settings with motionless characters . 	0
frank capra 's classic 	1
it 's refreshing to see a movie that embraces its old-fashioned themes and in the process comes out looking like something wholly original . 	1
a pathetic exploitation film that tries to seem sincere , and just seems worse for the effort . 	0
altered 	1
lisa rinzler 's cinematography may be lovely , but love liza 's tale itself virtually collapses into an inhalant blackout , maintaining consciousness just long enough to achieve callow pretension 	0
i heard a mysterious voice , and felt myself powerfully drawn toward the light -- the light of the exit sign 	0
approaches his difficult , endless work with remarkable serenity and discipline 	1
even if you do n't know the band or the album 's songs by heart , you will enjoy seeing how both evolve , and you will also learn a good deal about the state of the music business in the 21st century 	1
has never been smoother or more confident . 	1
tolerable-to-adults 	0
mostly , shafer and co-writer gregory hinton lack a strong-minded viewpoint , or a sense of humor . 	0
this is rote spookiness , with nary an original idea ( or role , or edit , or score , or anything , really ) in sight , and the whole of the proceedings beg the question ` why ? 	0
the disjointed feel of a bunch of strung-together tv episodes . 	0
such a big job 	1
is the performance of gedeck , who makes martha enormously endearing 	1
that both thrills the eye and 	1
it belongs on the big screen 	1
ambitious , sometimes beautiful adaptation 	1
rated eee for excitement . 	1
a bizarre piece of work , with premise and dialogue at the level of kids ' television and plot threads as morose as teen pregnancy , rape and suspected murder 	0
, there is n't much there here . 	0
that disconnects every 10 seconds 	0
a fairly irresistible package 	1
you can fire a torpedo through some of clancy 's holes 	0
unintentional melodrama and tiresome love triangles 	0
that 's what i liked about it -- the real issues tucked between the silly and crude storyline 	1
the film itself -- as well its delightful cast -- is so breezy , pretty and gifted , it really won my heart 	1
twice as bestial but half as funny 	0
humor 	1
feeble comedy . 	0
great marching bands 	1
has no point and goes nowhere 	0
it 's the very definition of epic adventure . 	1
is like seeing a series of perfect black pearls clicking together to form a string . 	1
bring a heart and reality that buoy the film , and at times , elevate it to a superior crime movie . 	1
the dullest science fiction 	0
humdrum 	0
sometimes hilarious ) 	1
the human race splitting in two 	0
give credit to everyone from robinson down to the key grip 	1
nearly all the fundamentals you take for granted in most films are mishandled here . 	0
perfectly clear 	1
snobbery 	0
instead of making his own style , director marcus adams just copies from various sources -- good sources , bad mixture 	0
a remarkable and novel 	1
a movie that understands characters must come first 	1
, this quietly lyrical tale probes the ambiguous welcome extended by iran to the afghani refugees who streamed across its borders , desperate for work and food . 	1
incoherence 	0
pulling on heartstrings 	1
seen in that light 	1
natured 	1
wazoo and sets 	0
its one-sidedness 	0
for dance completists only . 	0
septic tank 	0
a cold , calculated exercise 	0
its oh-so-hollywood rejiggering and its conventional direction to give the film a soul and an unabashed sense of good old-fashioned escapism 	1
brave , uninhibited performances 	1
intimidated by both her subject matter 	0
has elements of romance , tragedy and even silent-movie comedy . 	1
's a drag how nettelbeck sees working women -- or at least this working woman -- for whom she shows little understanding 	0
perfect for the proud warrior that still lingers in the souls of these characters 	1
, does not work . 	0
the silly spy vs. spy film the sum of all fears , starring ben affleck , seem downright hitchcockian 	1
a strict reality 	1
a fascinating glimpse of urban life and 	1
absolutely and completely ridiculous and 	0
looking for astute observations and coming up blank 	0
fling gags at it 	0
crisp framing , 	1
wears out her welcome in her most charmless performance 	0
i found it slow , predictable and not very amusing . 	0
that efforts toward closure only open new wounds 	0
the fact that virtually no one is bound to show up at theaters for it 	0
're left with a sour taste in your mouth 	0
it 's not clear whether we 're supposed to shriek 	0
a great performance and a reminder of dickens ' grandeur 	1
would know what to make of this italian freakshow 	0
his clamorous approach 	0
the worst sin 	0
has a few nice twists in a standard plot and the charisma of hugh grant and sandra bullock . 	1
a wholesome fantasy 	1
essentially ruined -- or 	0
a fun adventure movie 	1
come away from his film overwhelmed , hopeful and , perhaps paradoxically , illuminated 	1
with passionate enthusiasms like martin scorsese 	1
stand tall 	1
jagger , stoppard and director michael apted ... deliver a riveting and surprisingly romantic ride . 	1
drown out 	0
my friend david cross would call it , ` hungry-man portions of bad ' 	0
has no point and 	0
figures prominently in this movie , and 	1
, you will enjoy seeing how both evolve 	1
strange and beautiful film . 	1
full of detail about the man and his country , and is well worth seeing . 	1
devastated 	0
both deserve better . 	0
30 seconds of plot 	0
if it pared down its plots and characters to a few rather than dozens ... or if it were subtler ... or if it had a sense of humor 	0
gives the lie to many clichés and showcases a group of dedicated artists 	1
spends a bit too much time 	0
if it is n't entirely persuasive , it does give exposure to some talented performers 	1
of one unstable man 	1
directed the film from the back of a taxicab 	0
a potentially good comic premise and excellent cast are terribly wasted . 	0
clunky on the screen 	0
ill-advised and poorly 	0
as a reverie about memory and regret 	1
's hard to figure the depth of these two literary figures , and even the times in which they lived . 	0
's affecting , amusing , sad and reflective . 	1
sloppily 	0
random , superficial humor 	0
dead-end distaste 	0
that it 'll probably be the best and most mature comedy of the 2002 summer season speaks more of the season than the picture 	1
confusing on one level or another 	0
went over my head or -- considering just 	0
an insane comic undertaking 	1
destroy everything we hold dear about cinema , only now it 's begun to split up so that it can do even more damage 	0
stylistic austerity and forcefulness 	1
the crackle of lines , the impressive stagings of hardware 	1
i found the ring moderately absorbing , largely for its elegantly colorful look and sound . 	1
shabby script 	0
already mentioned 	0
clueless and inept 	0
laughs and insight into one of the toughest ages a kid can go through . 	1
intriguing 	1
gives ample opportunity for large-scale action and suspense 	1
... built on the premise that middle-class arkansas consists of monster truck-loving good ol' boys and peroxide blond honeys whose worldly knowledge comes from tv reruns and supermarket tabloids . 	0
limited and so embellished by editing that there 's really not much of a sense of action 	0
its courage , ideas , technical proficiency and 	1
define a generation 	1
appetizing 	1
a remarkably cohesive whole , 	1
's a fairly impressive debut from the director , charles stone iii 	1
wrong with a comedy where the only belly laughs come from the selection of outtakes tacked onto the end credits 	0
makes the grade as tawdry trash 	0
the level of marginal competence 	0
also captures moments of spontaneous creativity and authentic co-operative interaction 	1
no solace here , no entertainment value , merely a fierce lesson in where filmmaking can take us 	0
macaroni and cheese 	0
to spoof both black and white stereotypes equally 	1
die-hard french film connoisseurs 	1
too long and bogs down in a surfeit of characters and unnecessary subplots 	0
limp biscuit 	0
that expands into a meditation on the deep deceptions of innocence 	1
has the air of a surprisingly juvenile lark , a pop-influenced prank whose charms are immediately apparent and wear thin with repetition . 	0
plays like an extended dialogue exercise in retard 101 	0
terrific 	1
lovably 	1
upstaged by an avalanche of more appealing holiday-season product 	1
bounces 	1
an old-fashioned nature film that educates viewers with words and pictures while entertaining them 	1
they find new routes through a familiar neighborhood 	1
made to be jaglomized is the cannes film festival , the annual riviera spree of flesh , buzz , blab and money . 	0
extraordinary journalism 	1
liberal doses of dark humor , gorgeous exterior photography , and a stable-full of solid performances 	1
makes it a party worth attending 	1
harry potter and the chamber of secrets finds a way to make j.k. rowling 's marvelous series into a deadly bore . 	0
a 90-minute movie that feels five hours long 	0
( and beautifully edited ) 	1
the intimate , unguarded moments of folks who live in unusual homes -- which pop up in nearly every corner of the country 	1
goes down easy 	0
a lighthearted glow , some impudent snickers , and a glorious dose of humankind 's liberating ability 	1
charming 	1
twenty-three movies into a mostly magnificent directorial career , clint eastwood 's efficiently minimalist style 	1
radiates star-power potential in this remarkable and memorable film 	1
the biggest is that secret ballot is a comedy , both gentle and biting . 	1
change watching such a character , 	0
in anything ever , and easily the most watchable film of the year 	1
signs is just another unoriginal run of the mill sci-fi film with a flimsy ending and lots of hype . 	0
deep or substantial 	1
's not enough intelligence , wit or innovation on the screen to attract and sustain an older crowd . 	0
warped logic by writer-director kurt wimmer at the screenplay level 	0
the film itself is small and shriveled 	0
a predictable , manipulative stinker 	0
an indispensable peek at the art and the agony of making people 	1
a low , smoky and inviting sizzle 	1
felt emotions can draw people together across the walls that might otherwise separate them 	1
admire ... 	1
nothing overly original 	0
nicole holofcenter , the insightful writer/director responsible for this illuminating comedy does n't wrap the proceedings up neatly 	1
jolts the laughs 	1
incredible storyline 	1
a family of five blind , crippled , amish people alive in this situation 	0
has crafted here a worldly-wise and very funny script . 	1
marvelous documentary touches 	1
die for 	1
a chore to sit through -- despite some first-rate performances by its lead 	0
right down the reality drain 	0
collision 	0
home movie is about the people who live in them , who have carved their own comfortable niche in the world and have been kind enough to share it . 	1
... a low rate annie featuring some kid who ca n't act , only echoes of jordan , and weirdo actor crispin glover screwing things up old school . 	0
markedly inactive 	0
undistinguished 	0
to a tragedy which is somehow guessable from the first few minutes , maybe because it echoes the by now intolerable morbidity of so many recent movies 	0
extended , open-ended poem 	1
unimpeachable 	0
an ambitious ` what if ? ' 	1
the horror 	0
this charming , thought-provoking new york fest 	1
this is a truly , truly bad movie . 	0
to occasionally break up the live-action scenes with animated sequences 	1
a horrible , 99-minute 	0
goldmember has none of the visual wit of the previous pictures , 	0
runs 163 minutes 	0
of the intelligent , well-made b movie 	1
as the filmmakers look down on their working-class subjects from their lofty perch , that finally makes sex with strangers , which opens today in the new york metropolitan area , so distasteful 	0
is that it is one that allows him to churn out one mediocre movie after another 	0
overly familiar 	0
a hallucinatory dreamscape that frustrates and captivates 	1
the half-lit , sometimes creepy intimacy of college dorm rooms , a subtlety that makes the silly , over-the-top coda especially disappointing 	0
to the world trade center tragedy 	0
nurtures the multi-layers of its characters , 	1
marks a modest if encouraging return to form 	1
crystallize key plot moments into minutely detailed wonders of dreamlike ecstasy 	1
of those crazy , mixed-up films that does n't know what it wants to be when it grows up 	0
hard to resist his enthusiasm 	1
neil burger here succeeded in ... making the mystery of four decades back the springboard for a more immediate mystery in the present 	1
capture its visual appeal or its atmosphere 	1
choppy and sloppy affair 	0
falls far short 	0
it just zings along with vibrance and warmth . 	1
a comedy 	1
despite the film 's shortcomings , the stories are quietly moving . 	1
a plodding teen remake that 's so mechanical you can smell the grease on the plot twists . 	0
, doing its namesake proud 	1
if occasionally flawed , 	0
created a provocative 	1
fairly straightforward 	1
was able to overcome his personal obstacles and become a good man 	1
an obvious copy of one of the best films ever made , how could it not be ? 	0
third-rate 	0
not only does the thoroughly formulaic film represent totally exemplify middle-of-the-road mainstream , it also represents glossy hollywood at its laziest . 	0
the soul of a man in pain who gradually comes to recognize it and deal with it 	1
heartwarming yarn 	1
's also built on a faulty premise , one it follows into melodrama and silliness . 	0
that interest attal and gainsbourg 	1
that rare animal 	1
this is the kind of subject matter that could so easily have been fumbled by a lesser filmmaker , but ayres makes the right choices at every turn 	1
gets under our skin and draws us in long 	1
discovered , indulged in 	1
riveting and surprisingly romantic 	1
the viewer 's patience with slow pacing and 	0
are served with a hack script 	0
this makes for perfectly acceptable , occasionally very enjoyable children 's entertainment . 	1
in all the right ways 	1
extends to his supple understanding of the role that brown played in american culture as an athlete , a movie star , and an image of black indomitability 	1
hopkins 	1
rude , scarily funny , sorrowfully sympathetic to the damage it surveys 	1
did not figure out a coherent game 	0
the most exciting action films 	1
suffice to say its total promise is left slightly unfulfilled . 	0
most appealing movies 	1
orchestrating 	1
mediocre exercise 	0
espn 	1
only one of the best gay love stories ever made 	1
o fantasma is boldly , confidently orchestrated , aesthetically and sexually , and its impact is deeply and rightly disturbing . 	1
's nothing wrong with that if the film is well-crafted and this one is 	1
poetry and passion 	1
plays like one of those conversations that comic book guy on `` the simpsons '' has . 	0
is astonishing . 	1
most resonant film since the killer 	1
wonderful tale 	1
peaked 	1
with very little story or character 	0
comfort 	1
, despite several attempts at lengthy dialogue scenes , 	0
an appealing blend 	1
its electronic expression through cyber culture 	1
overwhelming pleasure 	1
great scares and a good surprise ending 	1
gooding is the energetic frontman 	1
it transporting is that it 's also one of the smartest 	1
's got as potent a topic as ever here 	1
a generic bloodbath that often becomes 	0
a solid formula 	1
spirals downward 	0
approaches his difficult , endless work with remarkable serenity and discipline . 	1
into heaven 	1
right itself precisely when you think it 's in danger of going wrong 	1
has neither the charisma nor the natural affability that has made tucker a star 	0
in the right direction 	1
has stepped into the mainstream of filmmaking with an assurance worthy of international acclaim 	1
is even more embracing than monty , if only because it accepts nasty behavior and severe flaws as part of the human condition 	1
burns out 	0
airless , prepackaged julia roberts wannabe 	0
upon which to hang broad , mildly fleshed-out characters that seem to have been conjured up only 10 minutes prior to filming 	0
emotionally malleable 	0
funny or 	1
hackneyed and meanspirited 	0
an hour-and-a-half of inoffensive , unmemorable filler . 	0
to smash its face in 	0
compelling investigation 	1
demented in a good way 	1
an astonishingly witless script 	0
it 's as raw and action-packed an experience as a ringside seat at a tough-man contest . 	1
barker movie 	1
charms 	1
to have you leaving the theater with a smile on your face 	1
is throwing up his hands in surrender , 	0
a cleverly 	1
a slice of american pie hijinks 	1
what we have is a character faced with the possibility that her life is meaningless , vapid and devoid of substance , in a movie that is definitely meaningless , vapid and devoid of substance . 	0
a zippy 96 minutes of mediocre special effects , hoary dialogue , fluxing accents , and -- worst of all -- silly-looking morlocks 	0
the overall result is an intelligent , realistic portrayal of testing boundaries . 	1
appears not to have been edited at all 	0
this overlong infomercial 	0
there 's a heavy stench of ` been there , done that ' hanging over the film . 	0
's hard not to be carried away 	1
killer 	0
... have made the old boy 's characters more quick-witted than any english lit 	1
it is thought-provoking . 	1
thrown-together feel 	0
encompasses many more paths 	1
's funny , as the old saying goes , because it 's true . 	1
snl '' has-been 	0
you to enjoy yourselves without feeling conned 	1
chance to revitalize what is and always has been remarkable about clung-to traditions 	1
it weirdly appealing 	1
deemed important enough to make a film in which someone has to be hired to portray richard dawson 	1
a bad imitation 	0
looked like crap , so crap is what i was expecting . 	0
the best case 	1
sade achieves the near-impossible 	1
but what 's nice is that there 's a casual intelligence that permeates the script . 	1
to rank with its worthy predecessors 	1
makes up for with its heart 	1
of movie that leaves vague impressions and a nasty aftertaste but little clear memory of its operational mechanics 	0
a burst of color , music , and dance that only the most practiced curmudgeon could fail to crack a smile at 	1
is both a snore and utter tripe . 	0
an mtv , sugar hysteria , and 	0
` fatal attraction ' for the teeny-bopper set 	0
unbearably lame . 	0
, entertaining and , ultimately , more perceptive moment 	1
what makes it worth the trip to the theater 	1
stiff or just plain bad 	0
... most viewers will wish there had been more of the `` queen '' and less of the `` damned . '' 	0
it 's the type of film about growing up that we do n't see often enough these days : realistic , urgent , and not 	1
petty thievery like this that puts flimsy flicks like this behind bars 	0
the high-buffed gloss and high-octane jolts 	1
compared to his series of spectacular belly flops both on and off the screen 	0
a change in expression 	1
sorvino 	1
is ) looking down at your watch and realizing serving sara is n't even halfway through 	0
with this one too 	1
blockbusters as patriot games can still turn out a small , personal film with an emotional wallop 	1
scratch a hole in your head 	0
will find it more than capable of rewarding them 	1
too convoluted 	0
have made for better drama 	0
bloodbath 	0
garcia , who perfectly portrays the desperation of a very insecure man 	1
hopefully inspire action 	1
three sides of his story with a sensitivity and an inquisitiveness reminiscent of truffaut 	1
you feel good , you feel sad , you feel pissed off , but in the end , you feel alive - which is what they did 	1
made without a glimmer of intelligence or invention 	0
deep deceptions 	0
of a good movie ye who enter here 	1
is a temporal inquiry that shoulders its philosophical burden lightly . 	0
michel 	1
clearly a manipulative film 	1
the acting is amateurish , the cinematography is atrocious , the direction is clumsy , the writing is insipid and the violence is at once luridly graphic and laughably unconvincing 	0
a celebrated wonder 	1
he does display an original talent 	1
what might have been acceptable on the printed page of iles ' book does not translate well to the screen . 	0
austerity and forcefulness 	1
brilliant motion picture 	1
thinking man 	1
the tuxedo was n't just bad ; it was , as my friend david cross would call it , ` hungry-man portions of bad ' . 	0
scorsese 's mean streets redone by someone who ignored it in favor of old ` juvenile delinquent ' paperbacks with titles like leather warriors and switchblade sexpot 	0
touching and funny 	1
sounds whiny and defensive , as if his life-altering experiences made him bitter and less mature 	0
like being trapped while some weird relative trots out the video he took of the family vacation to stonehenge 	0
tootsie knockoff . 	0
is moody , oozing , chilling and heart-warming all at once ... 	1
suspend your disbelief here and now , or you 'll be shaking your head all the way to the credits . 	0
too much of a plunge 	0
it 's possible that something hip and transgressive was being attempted here that stubbornly refused to gel , but the result is more puzzling than unsettling . 	0
a jerry bruckheimer flick any day of the week 	1
amusing , let alone funny 	1
gets way too mushy -- and in a relatively short amount of time . 	0
although this idea is `` new '' 	0
distasteful and 	0
make ` cherish ' a very good ( but not great ) movie . 	1
in ( this ) meandering and pointless french coming-of-age import from writer-director anne-sophie birot 	0
some good material 	1
fails to arrive at any satisfying destination 	0
unholy mess 	0
have been any easier to sit through than this hastily dubbed disaster 	0
jumps around 	0
is almost certainly 	1
admire 	1
trashy teen-sleaze equivalent 	0
an important movie , 	1
directed with sensitivity and skill 	1
winds up mired in tear-drenched quicksand . 	0
a witty 	1
louiso lets the movie dawdle in classic disaffected-indie-film mode , and brother hoffman 's script stumbles over a late-inning twist that just does n't make sense 	0
spectacle 	1
more re-creations of all those famous moments 	1
krawczyk deserves a huge amount of the credit for the film 's thoroughly winning tone 	1
rare family movie 	1
can drive right by it without noticing anything special , save for a few comic turns , intended and otherwise 	0
, amusing and unpredictable 	1
dahmer resorts to standard slasher flick thrills when it should be most in the mind of the killer 	0
eccentrics 	0
of her life with the imagery in her paintings 	1
dazzling pop entertainment 	1
( including a knockout of a closing line ) 	1
punch and depth 	1
a master of shadow , quietude , and room noise 	1
pays tribute 	1
offers an interesting look at the rapidly changing face of beijing 	1
might be with a large dose of painkillers 	0
agonizing , catch-22 	0
this would-be ` james bond for the extreme generation ' pic is one big , dumb action movie . 	0
fidel castro 	0
literary detective story 	1
charlotte sometimes is a gem . 	1
is as difficult for the audience to take as it 	0
took of the family vacation 	1
the most original 	1
dramatic urgency 	1
in columbia pictures ' perverse idea of an animated holiday movie 	0
most incoherent 	0
figures prominently in this movie , and helps keep the proceedings as funny for grown-ups as for rugrats 	1
the best script 	1
like this movie 	1
the drama discloses almost nothing . 	0
eludes madonna and , playing a charmless witch 	1
those relationships , including that between the son and his wife , and the wife and the father , and between the two brothers , with incredible subtlety and acumen 	1
the sheer beauty of his images 	1
the filmmakers want nothing else than to show us a good time , 	1
there is something in full frontal , i guess , about artifice and acting and how it distorts reality for people who make movies and watch them , but like most movie riddles , it works only if you have an interest in the characters you see . 	0
dismember 	0
plain lurid 	0
may well be the year 's best and most unpredictable comedy 	1
to good actors 	1
to feel funny and light 	1
considerable charm 	1
worth the extra effort to see an artist , still committed to growth in his ninth decade , change while remaining true to his principles 	1
a masterpeice 	1
to bowling you over 	1
, claustrophobic 	0
without you has a bracing truth that 's refreshing after the phoniness of female-bonding pictures like divine secrets of the ya-ya sisterhood . 	1
does n't flinch from its unsettling prognosis , namely , that the legacy of war is a kind of perpetual pain 	1
clumsily mugging their way through snow dogs 	0
a hilarious place to visit 	1
wryly amusing 	1
encourage 	1
that this film 's cast is uniformly superb 	1
quite endearing . 	1
thrill you , touch you and 	1
the bizarre is credible 	1
is cruel , misanthropic stuff with only weak claims to surrealism and black comedy . 	0
nothing more than four or five mild chuckles surrounded by 86 minutes of overly-familiar and poorly-constructed comedy . 	0
the dorkier aspects 	0
, save your disgust and your indifference 	0
immensely ambitious 	1
literary purists may not be pleased , but as far as mainstream matinee-style entertainment goes , it does a bang-up job of pleasing the crowds . 	1
our most flamboyant female comics 	1
at least funny 	1
fascinating , ludicrous , provocative and vainglorious 	1
of an especially well-executed television movie 	1
this gets us in trouble 	0
use of his particular talents 	1
lethargically paced parable of renewal . 	0
you could just rent those movies instead , let alone seek out a respectable new one 	0
and engaging film 	1
ghetto 	0
robbed 	0
'll probably be the best and most mature comedy of the 2002 summer season speaks more of the season than the picture 	1
to accomplish 	1
deceit and murder 	0
its generic villains lack any intrigue ( other than their funny accents ) and the action scenes are poorly delivered . 	0
a pretty good execution 	1
captures that perverse element of the kafkaesque where identity , overnight , is robbed and replaced with a persecuted `` other . '' 	1
it 's tremendously moving 	1
unholy 	0
it all was , and started doing nothing but reacting to it - feeling a part of its grand locations , thinking urgently as the protagonists struggled , feeling at the mercy of its inventiveness , gasping at its visual delights 	1
was immensely enjoyable thanks to great performances 	1
it 's an entertaining movie 	1
like a change in ( herzog 's ) personal policy 	1
watching these two actors play 	1
fascination , and 	1
, boredom never takes hold . 	1
veers into corny sentimentality , 	0
some nice twists 	1
the rampantly designed equilibrium becomes a concept doofus 	0
drags it 	0
maintains a surprisingly buoyant tone throughout , 	1
often intense character study 	1
irony 	0
, festival in cannes offers rare insight into the structure of relationships . 	1
is dark , brooding and slow , 	0
is also a creative urge 	1
wives are worse 	0
with its own solemn insights 	1
, `` far from heaven '' is a masterpiece . 	1
amoral assassin 	0
as obvious as telling a country skunk 	0
-- a film less about refracting all of world war ii through the specific conditions of one man , and more about that man 	1
clarity 	1
find their own rhythm and protect each other from the script 's bad ideas and awkwardness . 	0
is so poorly paced you could fit all of pootie tang in between its punchlines 	0
any insight 	1
this is more appetizing than a side dish of asparagus . 	1
a wonderful , ghastly film . 	1
hollow tribute 	0
weirdly appealing 	1
assign one bright shining star to roberto benigni 's pinocchio -- 	1
in addition to gluing you to the edge of your seat , changing lanes is also a film of freshness , imagination and insight . 	1
no matter how much he runs around and acts like a doofus , accepting a 50-year-old in the role is creepy in a michael jackson sort of way . 	0
tom tykwer , director of the resonant and sense-spinning run lola run 	1
outside his grasp 	0
was so endlessly , grotesquely , inventive 	1
could n't help but feel the wasted potential of this slapstick comedy . 	0
ca n't quite conceal that there 's nothing resembling a spine here 	0
to begrudge anyone for receiving whatever consolation 	0
that even tunney ca n't save 	0
outstanding 	1
with the kind of visual flair that shows what great cinema can really do 	1
love to have their kids 	1
nearly three decades of bittersweet camaraderie and history 	1
fun and enjoyable 	1
the son of the bride 's humor is born out of an engaging storyline , which also is n't embarrassed to make you reach for the tissues . 	1
real narrative logic 	1
in unexpected ways , touching 	1
an underdone potato 	0
truly edgy 	1
where nothing 's happening 	0
all about anakin ... and the lustrous polished visuals rich in color and creativity and , of course , special effect 	1
wrong with this increasingly pervasive aspect of gay culture 	0
respects 	1
considerable 	1
will give many ministers and bible-study groups hours of material to discuss . 	1
refreshingly 	1
to perform 	1
a tasty performance 	1
allegiance to chekhov 	1
a memorable experience that , like many of his works , presents weighty issues 	1
locales 	0
cinematic experience 	1
bad soap opera 	0
enthusiastic 	1
choosing his roles with the precision of the insurance actuary 	1
holm does his sly , intricate magic , 	1
conjured up more coming-of-age stories 	1
the film is not entirely successful 	0
remotely probing or penetrating . 	0
, and 	1
hard to dismiss -- moody , thoughtful 	1
sets out to entertain and ends up delivering in good measure 	1
an often watchable , though goofy and lurid , blast of a costume drama 	1
there must be an audience that enjoys the friday series , but i would n't be interested in knowing any of them personally . 	0
deserves a place of honor next to nanook 	1
old-fashioned scary movie 	1
infuses it into a rustic , realistic , and altogether creepy tale of hidden invasion 	1
in the process comes out looking like something wholly original 	1
real humor 	1
successful adaptation 	1
mind , while watching eric rohmer 's tribute to a courageous scottish lady 	1
shimmeringly lovely 	1
the third feels limited by its short running time 	0
a compelling piece that demonstrates just how well children can be trained to live out and carry on their parents ' anguish 	1
someone who obviously knows nothing about crime 	0
interpreting the play as a call for pity and sympathy 	0
an ease 	1
need of a scented bath 	0
, excruciatingly tedious 	0
red dragon '' never cuts corners . 	1
texan director george ratliff had unlimited access to families and church meetings , 	1
a plot that crawls along at a snail 's pace 	0
our reality tv obsession , 	0
empathy and pity fogging up the screen ... his secret life enters the land of unintentional melodrama and tiresome love triangles . 	0
the setting in an attempt to make the film relevant today , without fully understanding what it was that made the story relevant in the first place 	0
your least favorite james bond movie seem as cleverly plotted as the usual suspects 	0
a high-spirited buddy movie about the reunion of berlin 	1
a fresh infusion of creativity 	1
of control on a long patch of black ice 	0
another director ever making his wife look so bad in a major movie 	0
a reprieve 	1
deserved co-winner 	1
story for those intolerant of the more common saccharine genre 	0
too erotic 	0
the uneven performances by the cast members , who seem bound and determined to duplicate bela lugosi 's now-cliched vampire accent 	0
labute masterfully balances both traditional or modern stories together in a manner that one never overwhelms the other . 	1
's hard to care about a film that proposes as epic tragedy the plight of a callow rich boy who is forced to choose between his beautiful , self-satisfied 22-year-old girlfriend and an equally beautiful , self-satisfied 18-year-old mistress 	0
protagonist 	0
may lack the pungent bite of its title , but it 's an enjoyable trifle nonetheless 	1
daring 	1
i might add -- slice of comedic bliss 	1
have captured the chaos of an urban conflagration with such fury 	1
wasted minutes of sandler 	0
stunningly trite 	0
bitter 	0
impossible to claim that it is `` based on a true story '' with a straight face 	0
harrison ford low 	0
bouncy 	1
a documentary that works 	1
a terrifically entertaining specimen of spielbergian 	1
satisfying destination 	1
comes off as a kingdom more mild than wild 	1
such unrelenting dickensian decency that it turned me 	1
's a compelling and horrifying story 	1
close to real life 	1
big , dumb action movie 	0
natural sportsmen 	1
the comic touch 	1
's just too bad the screenwriters eventually shoot themselves in the feet with cop flick cliches like an oily arms dealer , squad car pile-ups and the requisite screaming captain . 	0
well-thought stunts 	1
lee 's character did n't just go to a bank manager and save everyone the misery 	0
with yet another remarkable yet shockingly little-known perspective 	1
the lengths 	1
will make you wish you were at home watching that movie instead of in the theater watching this one . 	0
a weak and ineffective ghost story without a conclusion or pay off 	0
constructs a hilarious ode to middle america and middle age with this unlikely odyssey , featuring a pathetic , endearing hero who is all too human . 	1
sons , loyalty and duty 	1
the barriers finally prove to be too great 	0
for drawing wrenching performances from his actors ( improvised over many months ) and for conveying the way tiny acts of kindness make ordinary life survivable 	1
uplifter . 	1
's willing to express his convictions 	1
a coming-of-age film that avoids the cartoonish clichés and sneering humor of the genre as it provides a fresh view of an old type -- the uncertain girl on the brink of womanhood . 	1
amusing and 	1
inside information 	1
's apparently nothing left to work with , sort of like michael jackson 's nose . 	0
does n't have anything really interesting to say . 	0
fast-paced and 	1
putrid it is not worth the price of the match that should be used to burn every print of the film 	0
resourceful 	1
not particularly scary 	0
eighth-grader 	1
to convince almost everyone that it was put on the screen , just for them 	1
there are some laughs in this movie 	1
way to entertain or inspire its viewers 	1
takes care 	1
bibbidy-bobbidi-bland . 	0
to the phrase ` fatal script error 	0
can only point the way -- but thank goodness for this signpost . 	1
gets old quickly . 	0
aspired 	1
how good 	1
a clever 	1
is really all about performances 	1
low-budget , video-shot 	0
, it 's as good as you remember . 	1
while it may not add up to the sum of its parts , holofcener 's film offers just enough insight to keep it from being simpleminded , and the ensemble cast is engaging enough to keep you from shifting in your chair too often . 	1
this rich and luscious 	1
causes of anti-semitism ever seen on screen . 	0
it 's light on the chills and heavy on the atmospheric weirdness , 	1
a stunning film , a one-of-a-kind tour de force 	1
relationship and 	1
he delivers fascinating psychological fare 	1
flops 	0
you to accept it as life and go with its flow 	1
of a love affair 	1
it all unfolds predictably , and the adventures that happen along the way seem repetitive and designed to fill time , providing no real sense of suspense . 	0
pushes its agenda too forcefully 	0
that are so crucial to the genre and another first-rate performance by top-billed star bruce willis 	1
edgy camera work 	1
disingenuous 	0
damned compelling 	1
ideas and wry comic mayhem 	1
great impression 	1
consistently funny , in an irresistible junior-high way , and 	1
may have many agendas 	1
slopped ` em together here 	0
hooked on the delicious pulpiness of its lurid fiction 	1
does n't even qualify as a spoof of such 	0
the lazy material and the finished product 's unshapely look 	0
big-hearted and 	1
plummets 	0
it 's not very interesting . 	0
by sending the audience straight to hell 	0
terrible as the synergistic impulse that created it 	0
warped logic by writer-director kurt wimmer 	0
rare treat 	1
lackadaisical 	0
gives new meaning to the phrase ` fatal script error . ' 	0
girlfriends are bad , wives are worse and babies are the kiss of death in this bitter italian comedy . 	0
ponderous and pretentious endeavor 	0
with passion and energy 	1
you 'll want things to work out 	1
director george hickenlooper has had some success with documentaries , but here his sense of story and his juvenile camera movements smack of a film school undergrad , and his maudlin ending might not have gotten him into film school in the first place 	0
buoyant energy level 	1
accomplishes so much that one viewing ca n't possibly be enough 	1
low-key romantic comedy 	1
are powerful and moving without stooping to base melodrama 	1
the film 's crisp , unaffected style and air of gentle longing 	1
's fitting that a movie as artificial and soulless as the country bears owes its genesis to an animatronic display at disneyland . 	0
touches smartly and wistfully 	1
... stylistically , the movie is a disaster . 	0
that rare movie that works on any number of levels -- as 	1
they fascinate in their recklessness . 	1
, solid storytelling . 	1
the most edgy piece 	1
may not be a straightforward bio 	0
who cares ? ) . 	0
's a lovely , eerie film that casts an odd , rapt spell . 	1
's its first sign of trouble 	0
patience , respect and affection 	1
a film that 's flawed and brilliant in equal measure . 	1
's a smartly directed , grown-up film of ideas 	1
is certainly amusing 	1
so lackluster 	0
that trademark grin of his -- 	1
are once again made all too clear in this schlocky horror/action hybrid . 	0
this thing works on no level whatsoever for me . 	0
his secret life enters the land of unintentional melodrama and tiresome love triangles 	0
fashioning an engrossing entertainment out 	1
( especially the frank sex scenes ) ensure that the film is never dull 	1
the movie is n't painfully bad , something to be ` fully experienced ' 	0
is not edward burns ' best film 	0
historical truth and realism 	1
a crisp psychological drama ( and ) 	1
their parents would do well to cram earplugs in their ears and put pillowcases over their heads for 87 minutes . 	0
the filmmakers ' paws , sad to say , were all over this `` un-bear-able '' project 	0
his excellent cast 	1
has nothing else to watch 	0
fast-moving and cheerfully 	1
has a lot to do with the casting of juliette binoche as sand , who brings to the role her pale , dark beauty and characteristic warmth . 	1
its heartfelt concern 	1
solaris is rigid and evasive in ways that soderbergh 's best films , `` erin brockovich , '' `` out of sight '' and `` ocean 's eleven , '' never were . 	1
has the rare capability to soothe and break your heart with a single stroke . 	1
its intelligence and intensity 	1
of the ugly american 	0
rather frightening 	0
a bloated plot 	0
good natured 	1
a funny ( sometimes hilarious ) comedy with a deft sense of humor about itself , a playful spirit and a game cast 	1
more often than not hits the bullseye 	1
intermezzo strain 	1
a clumsily manufactured exploitation flick , 	0
not to have been edited at all 	0
this film 's impressive performances and adept direction 	1
it 's a brazenly misguided project 	0
with considerable appeal 	1
unrelated shorts 	0
it was at least funny 	1
dip into your wallet , swipe 90 minutes of your time , and 	1
frailty '' starts out like a typical bible killer story 	0
switch to a mix of the shining , the thing , and any naked teenagers horror flick from the 1980s 	0
worth a look as a curiosity 	1
amounts to being lectured to by tech-geeks , if you 're up for that sort of thing 	0
have ransacked every old world war ii movie for overly familiar material 	0
sends you away a believer again and quite cheered at just that . 	1
been forced by his kids to watch too many barney videos 	0
america 's knee-jerk moral sanctimony 	0
pretentious types 	0
bitter nor sweet 	1
it never comes close to being either funny or scary 	0
an unabashedly romantic picture of a nation whose songs spring directly from the lives of the people 	1
an eloquent , deeply felt meditation on the nature of compassion 	1
so perfect 	1
static set ups , not much camera movement 	0
a wild comedy that could only spring from the demented mind of the writer 	1
humorless , self-conscious art drivel 	0
... in no way original , or even all that memorable , but as downtown saturday matinee brain candy , it does n't disappoint . 	1
ditched the saccharine sentimentality of bicentennial man 	1
barry 's cold-fish act makes the experience worthwhile 	1
the film rehashes several old themes and is capped with pointless extremes 	0
marveled 	1
has moments of inspired humor 	1
to seek our tears , our sympathies 	1
paced at a speed that is slow to those of us in middle age 	0
constructs a hilarious ode to middle america and middle age with this unlikely odyssey 	1
most basic 	1
it was so endlessly , grotesquely , inventive 	1
amusing from time 	1
the earnestness of its execution and skill of its cast 	1
while cherish does n't completely survive its tonal transformation from dark comedy to suspense thriller 	0
this sad , compulsive life 	0
if i stay positive 	1
filmmakers david weissman and bill weber benefit enormously from the cockettes ' camera craziness -- not only did they film performances , but they did the same at home 	1
director chris columbus takes a hat-in-hand approach to rowling that stifles creativity and allows the film to drag on for nearly three hours . 	0
's probably not easy to make such a worthless film ... 	0
a remarkable new trick 	1
forced drama 	0
manages not only 	1
journalistically dubious , 	0
meaning in relationships or work 	1
happily 	1
this is an elegantly balanced movie -- every member of the ensemble has something fascinating to do -- that does n't reveal even a hint of artifice . 	1
ultimately that 's what makes it worth a recommendation 	1
is still a cinematic touchstone . 	1
this deeply spiritual film taps into the meaning and consolation in afterlife communications . 	1
could feel my eyelids ... getting ... very ... heavy 	0
a delightful , if minor , pastry 	1
local flavor 	1
please the eye 	1
a poky and pseudo-serious exercise in sham actor workshops and an affected malaise . 	0
lazy , miserable and smug . 	0
an imitation movie 	0
apparently nobody here bothered to check it twice . 	0
love a disney pic with as little cleavage as this one has , 	1
an annoying orgy of excess and exploitation that has no point and goes nowhere 	0
opulent 	1
ignoring what the filmmakers clearly believe 	0
a captivating and intimate study about dying and loving 	1
inconsistent , meandering , and sometimes dry plot 	0
deflated 	0
the el cheapo margaritas 	0
after several scenes of this tacky nonsense , you 'll be wistful for the testosterone-charged wizardry of jerry bruckheimer productions , especially because half past dead is like the rock on a wal-mart budget . 	0
, the characters have a freshness and modesty that transcends their predicament . 	1
a struggling nobody 	0
does leblanc make one spectacularly ugly-looking broad 	0
welcome step 	1
an unfortunate title 	0
since it does n't take itself so deadly seriously 	1
numerous , world-renowned filmmakers 	1
show-stoppingly hilarious , but 	1
the rage and alienation that fuels the self-destructiveness of many young people 	0
feels like very light errol morris , focusing on eccentricity but failing , ultimately , to make something bigger out of its scrapbook of oddballs 	0
's a glorified sitcom , and a long , unfunny one at that . 	0
enjoyably fast-moving , hard-hitting documentary . 	1
jarring , new-agey tone 	1
a movie about the power of poetry and passion 	1
often shocking but ultimately worthwhile exploration of motherhood and desperate mothers . 	1
a slam-bang extravaganza 	1
by movies ' end you 'll swear you are wet in some places and feel sand creeping in others 	1
you reach the finale 	1
that made mamet 's `` house of games '' and last fall 's `` heist '' so much fun 	1
dullest tangents 	0
he allows a gawky actor like spall -- who could too easily become comic relief in any other film -- to reveal his impressively delicate range . 	1
is a successful one . 	1
all add up to a satisfying crime drama . 	1
acquire the fast-paced contemporary society 	1
this story gets sillier , not scarier , as it goes along ... 	0
of visual charm 	1
messy and frustrating , but very pleasing at its best moments 	1
with the emphasis on self-empowering schmaltz and big-wave surfing that gives pic its title an afterthought 	0
suspenseful cliché 	1
kids-cute sentimentality 	1
supermarket tabloids 	0
boisterous and utterly charming 	1
utterly ridiculous shaggy dog story 	0
does n't add up to much . 	0
a fluid , no-nonsense authority 	1
tedious norwegian offering which somehow snagged an oscar nomination . 	0
it has a tremendous , offbeat sense of style and humor that suggests he was influenced by some of the filmmakers who have directed him , especially the coen brothers and steven soderbergh 	1
the pay-off is negligible 	0
this arrogant richard pryor wannabe 's routine is offensive , puerile and unimaginatively foul-mouthed if it was at least funny 	0
a wild comedy 	1
a fiercely clever and subtle film , capturing the precarious balance between the extravagant confidence of the exiled aristocracy and the cruel earnestness of the victorious revolutionaries . 	1
emotional heart 	1
butterflies that die 	0
essentially awkward version 	0
one can only assume that the jury who bestowed star hoffman 's brother gordy with the waldo salt screenwriting award at 2002 's sundance festival were honoring an attempt to do something different over actually pulling it off 	0
against farce , thoughtful dialogue elbowed aside by one-liners , and a visual style that incorporates rotoscope animation for no apparent reason except 	0
, sarah 's dedication to finding her husband seems more psychotic than romantic , and nothing in the movie makes a convincing case that one woman 's broken heart outweighs all the loss we witness . 	0
the concept is a hoot . 	1
béart and berling are both superb , while huppert ... is magnificent . 	1
to pop up in a cinematic year already littered with celluloid garbage 	0
its dying 	0
been this odd , inexplicable and unpleasant 	0
rollicking dark humor 	1
fontaine 's direction , especially her agreeably startling use of close-ups and her grace with a moving camera 	1
at how much we care about the story 	1
play like the worst kind of hollywood heart-string plucking . 	0
putters along looking for astute observations and coming up blank 	0
combines sharp comedy , old-fashioned monster movie atmospherics , and genuine heart to create a film that 's not merely about kicking undead *** , but also about dealing with regret and , ultimately , finding redemption 	1
has to recite bland police procedural details , fiennes wanders around in an attempt 	0
is a matter of plumbing arrangements and mind games , of no erotic or sensuous charge . 	0
so much crypt mist in the brain 	0
are jarring and deeply out of place in what could have 	0
watchable up until the point where the situations and the dialogue spin hopelessly out of control -- that is to say , when carol kane appears on the screen . 	0
secret ballot is a comedy , both gentle and biting 	1
a summary of the plot does n't quite do justice to the awfulness of the movie , for that comes through all too painfully in the execution . 	0
there 's something poignant about an artist of 90-plus years taking the effort to share his impressions of life and loss and time and art with us . 	1
was a freshman fluke 	0
all the best possible ways 	1
are put to perfect use in the breathtakingly beautiful outer-space documentary space station 3d . 	1
ends up being neither 	0
well-characterized 	1
the stale plot and pornographic way 	0
expects something special but 	0
like a bottom-feeder sequel in the escape from new york series 	0
they were insulted and the audience was put through torture for an hour and a half 	0
a first-class road movie that proves you can run away from home , but your ego and all your problems go with you 	1
it 's not too fast and not too slow . 	1
a baffling mixed platter of gritty realism and magic realism with a hard-to-swallow premise 	0
achieves its main strategic objective : dramatizing the human cost of the conflict that came to define a generation 	1
faulty 	0
timeless spectacle 	1
would n't want to live waydowntown 	0
rarely have i seen a film so willing to champion the fallibility of the human heart . 	1
the qualities that made the first film so special 	1
a clumsily manufactured exploitation flick 	0
worn-out 	0
muddled and derivative that few will bother thinking it all through 	0
comprehend the chasm of knowledge that 's opened between them 	1
almost enough chuckles for a three-minute sketch , and 	0
the screenplay falls somewhat short 	0
is to sit through about 90 minutes of a so-called ` comedy ' and not laugh once . 	0
like getting all excited about a chocolate eclair and then biting into it and finding the filling missing 	0
pot 	1
you 'd have to be a most hard-hearted person not to be moved by this drama . 	1
a fully developed story 	1
spiritless , silly and monotonous 	0
she can act 	1
during sunset 	1
refreshing . 	1
elevated by it -- the kind of movie 	1
filled with low-brow humor , gratuitous violence and a disturbing disregard 	0
that come full circle to end on a positive ( if tragic ) note 	1
stupid americans 	0
, organic character work 	1
old world war 	1
gondry 's direction is adequate ... but what gives human nature its unique feel is kaufman 's script 	1
, but why bother if you 're going to subjugate truth to the tear-jerking demands of soap opera 	0
with their fathers 	1
is strong as always . 	1
a dullard 	0
a banal , virulently unpleasant excuse 	0
whose engaging manner and flamboyant style made him a truly larger-than-life character 	1
in the translation ... another routine hollywood frightfest in which the slack execution italicizes the absurdity of the premise 	0
can report that it is instead a cheap cliché 	0
he allows nothing to get in the way 	1
went back to newcastle , the first half of gangster no. 1 drips with style and , at times , blood . 	1
good-time shenanigans 	1
the imagery in this chiaroscuro of madness and light 	1
it certainly wo n't win any awards in the plot department but it sets out with no pretensions and delivers big time . 	1
something hip 	1
a listless sci-fi comedy in which eddie murphy deploys two 	0
surprises 	1
an impenetrable and insufferable ball of pseudo-philosophic twaddle 	0
's surprisingly bland despite the heavy doses of weird performances and direction . 	0
if allen , at 66 , has stopped challenging himself 	0
the film sounds like the stuff of lurid melodrama , but what makes it interesting as a character study is the fact that the story is told from paul 's perspective . 	1
an already obscure demographic 	0
making up for any flaws that come later 	1
is hilarious 	1
mending a child 's pain for his dead mother via communication with an old woman straight out of eudora welty 	0
annoying rather than charming 	0
remarkably accessible and haunting 	1
for the film 's publicists or for people who take as many drugs as the film 's characters 	0
you see this film you 'll know too 	1
with the director taking a hands-off approach when he should have shaped the story to show us why it 's compelling 	0
cage makes an unusual but pleasantly haunting debut behind the camera . 	1
sandler 	1
technical flaws 	0
the film starts promisingly , but the ending is all too predictable and far too cliched to really work 	0
clichés , depression and bad alternative music 	0
burns ' visuals , characters and his punchy dialogue , 	1
too thin 	0
rewritten , and 	0
takes you by the face , strokes your cheeks and coos beseechingly at you : 	1
vulgar , sexist , racist humor 	0
found writer-director mitch davis 's wall of kitsch hard going 	0
girlfriends are bad , wives are worse and babies are the kiss of death in this bitter italian comedy 	0
the problem is he has no character , loveable or otherwise . 	0
standoffish to everyone else 	0
is one of the best-sustained ideas i have ever seen on the screen 	1
bounds along with the rat-a-tat energy of `` his girl friday , '' maintaining a light touch while tackling serious themes 	1
as it is flawed 	0
a sweet , charming tale 	1
one hears harry shearer is going to make his debut as a film director 	1
musical passion 	1
lady 	1
like all of egoyan 's work , ararat is fiercely intelligent and uncommonly ambitious . 	1
is frittered away in middle-of-the-road blandness . 	0
's immensely ambitious , different than anything that 's been done before and amazingly successful in terms of what it 's trying to do 	1
suspense , intriguing characters and bizarre bank robberies , 	1
to remember 	1
uninteresting , unlikeable people 	0
jabs 	0
clear point 	1
's a spontaneity to the chateau , a sense of light-heartedness , that makes it attractive throughout . 	1
what little atmosphere is generated by the shadowy lighting , macabre sets , and endless rain is offset by the sheer ugliness of everything else . 	0
with an eye on preserving a sense of mystery 	1
that never quite goes where you expect and often surprises you with unexpected comedy 	1
, paxton , making his directorial feature debut , does strong , measured work . 	1
a film that will be best appreciated by those willing to endure its extremely languorous rhythms , waiting for happiness is ultimately thoughtful without having much dramatic impact . 	1
satisfy the boom-bam crowd 	1
feeling a part of its grand locations 	1
achieving some honest insight 	1
surprisingly entertaining 	1
of too many story lines 	0
hugh grant 's act is so consuming that sometimes it 's difficult to tell who the other actors in the movie are . 	1
ai n't art 	0
why not invite some genuine spontaneity into the film by having the evil aliens ' laser guns actually hit something for once ? 	0
is energized by volletta wallace 's maternal fury , her fearlessness 	1
skins has a desolate air , but eyre , a native american raised by white parents , manages to infuse the rocky path to sibling reconciliation with flashes of warmth and gentle humor . 	1
angling to see how many times they can work the words `` radical '' or `` suck '' into a sentence 	0
sounds promising 	1
, we need agile performers 	0
it goes off the rails in its final 10 or 15 minutes 	0
so dull 	0
viewing for its courage , ideas , technical proficiency and great acting 	1
it 's a frankenstein-monster of a film that does n't know what it wants to be . 	0
'' is one of those crass , contrived sequels that not only fails on its own , but makes you second-guess your affection for the original . 	0
even less surprises 	0
its dying , 	0
those who are not acquainted with the author 's work , on the other hand , may fall fast asleep . 	0
's not enough substance here to sustain interest for the full 90 minutes , especially with the weak payoff 	0
the most high-concept sci fi adventures 	1
return to never land is much more p.c. than the original version ( no more racist portraits of indians , for instance ) , but the excitement is missing . 	0
while it is interesting to witness the conflict from the palestinian side , longley 's film lacks balance ... and fails to put the struggle into meaningful historical context . 	0
deeply affecting film 	1
to recovering from its demented premise 	0
hallelujah for small favors 	1
a sentimental mess 	0
the improperly hammy performance 	0
tipped this film into the `` a '' range , as is 	1
most enchanting 	1
odd bedfellows 	0
inevitable and 	0
turn it off 	0
great past 	1
difficult to conceive of anyone who has reached puberty actually finding the characters in slackers or their antics amusing , let alone funny 	0
has turned out nearly 21/2 hours of unfocused , excruciatingly tedious cinema that , half an hour in , starts making water torture seem appealing 	0
the quirky 	1
which very simply sets out to entertain and ends up delivering in good measure 	1
at every opportunity to do something clever , the film goes right over the edge and kills every sense of believability ... all you have left 	0
sappy as big daddy 	0
fresh and raw like a blown-out vein , narc takes a walking-dead , cop-flick subgenre and beats new life into it . 	1
life affirming 	1
its rawness and vitality give it considerable punch . 	1
're gon na like this movie 	1
could have been crisper and punchier , but 	0
its most immediate and most obvious pleasure 	1
just another disjointed , fairly predictable psychological thriller . 	0
ponderous to work as shallow entertainment , not remotely incisive enough to qualify as drama , monsoon 	0
lawrence has only a fleeting grasp of how to develop them 	0
deft 	1
, and intelligent 	1
been much better 	0
reactionary ideas about women and a total lack of empathy 	0
idemoto and kim make a gorgeous pair ... their scenes brim with sexual possibility and emotional danger 	1
interesting cinematic devices ( cool visual backmasking ) , 	1
intelligent screenplay 	1
ca n't believe anyone would really buy this stuff . 	0
crudity 	0
all awkward , static , and lifeless rumblings 	0
humorless , 	0
very well done 	1
ill-considered notion 	0
, clever 	1
as imaginative as one might have hoped 	1
, biting and witty feature 	1
ends up offering nothing more than the latest schwarzenegger or stallone flick 	0
its predictable plot and paper-thin supporting characters 	0
to squeeze a few laughs out of the material 	0
almost no organic intrigue 	0
is a horrible movie -- 	0
, obvious , preposterous , the movie will likely set the cause of woman warriors back decades . 	0
is on full , irritating display in ( this ) meandering and pointless french coming-of-age import from writer-director anne-sophie birot 	0
storytelling skills 	1
fetishistic violence 	0
authentically vague , but ultimately purposeless , 	0
proves tiresome 	0
one very funny joke and a few other decent ones 	1
same option to slap her creators because they 're clueless and inept 	0
bucked the odds 	1
a thriller whose style , structure and rhythms are so integrated with the story , you can not separate them . 	1
too slow for a younger crowd , too shallow for an older one . 	0
fresh 	1
be compelling , amusing and unsettling 	1
all the way 	1
's still not a good movie 	0
pointed , often incisive satire and unabashed sweetness 	1
a catastrophic collision of tastelessness and gall 	0
an oddity , to be sure , but one that you might wind up remembering with a degree of affection rather than revulsion 	1
is stiff or just plain bad . 	0
could become a historically significant work as well as a masterfully made one 	1
, there 's a certain robustness to this engaging mix of love and bloodletting . 	1
the innate theatrics that provide its thrills and extreme emotions lose their luster when flattened onscreen . 	0
could be a single iota worse ... a soulless hunk of exploitative garbage 	0
a party-hearty teen flick that scalds like acid . 	0
likely to see all year 	1
be utterly entranced by its subject and still show virtually no understanding of it 	0
it 's an ambitious film , and 	1
bad film 	0
sit through crap like this 	0
to blow it 	0
they poorly rejigger fatal attraction into a high school setting 	0
look at a slice of counterculture that might be best forgotten 	0
is such a blip on the year 's radar screen 	0
it wears you down like a dinner guest showing off his doctorate 	0
a 95-minute commercial for nba properties 	0
fascinating , unnerving examination 	1
this is a film about the irksome , tiresome nature of complacency that remains utterly satisfied to remain the same throughout . 	0
affirming and 	1
a graceful , moving tribute to the courage of new york 's finest and a nicely understated expression of the grief shared by the nation at their sacrifice . 	1
achingly human 	1
on its own , big trouble could be considered a funny little film . 	1
true to its animatronic roots : ... as stiff , ponderous and charmless as a mechanical apparatus 	0
, whatever your orientation . 	1
one of this year 's very best pictures 	1
glass 's dirgelike score becomes a fang-baring lullaby 	0
but it will just as likely make you weep , and it will do so in a way that does n't make you feel like a sucker . 	1
astoundingly 	1
ability to pull together easily accessible stories that resonate with profundity 	1
the low-grade cheese standards on which it operates 	0
confront it 	1
there 's plenty to enjoy -- in no small part thanks to lau . 	1
us to see samira makhmalbaf as a very distinctive sensibility , working to develop her own film language with conspicuous success 	1
climactic setpiece 	1
slight to be called any kind of masterpiece 	0
is nothing redeeming about this movie . 	0
its visual panache 	1
hilarious dialogue 	1
mr. taylor tries to shift the tone to a thriller 's rush 	1
good to see michael caine whipping out the dirty words and punching people in the stomach again 	1
it does give a taste of the burning man ethos , an appealing blend of counter-cultural idealism and hedonistic creativity . 	1
that is impenetrable and dull 	0
looks to be going through the motions , beginning with the pale script . 	0
a passable date film 	1
this is the stuff that disney movies are made of . 	1
it 's black hawk down with more heart . 	1
pair that with really poor comedic writing ... and you 've got a huge mess . 	0
shining star 	1
the overall fabric is hypnotic , and 	1
's an experience in understanding a unique culture that is presented with universal appeal . 	1
could have been right at home as a nifty plot line in steven soderbergh 's traffic fails to arrive at any satisfying destination 	0
eventual cult classic 	1
more entertaining 	1
of good actors 	1
sobering and powerful documentary 	1
has been sacrificed for the sake of spectacle 	0
at times it 's simply baffling 	0
genuine laughs 	1
a lot more dimensional and complex than its sunny disposition 	1
if you like an extreme action-packed film with a hint of humor , then triple x marks the spot . 	1
an asian landscape painting 	1
a winning comedy that excites the imagination and tickles the funny bone 	1
time , death 	0
a bland murder-on-campus yawner . 	0
norwegian offering which somehow snagged an oscar nomination 	0
a detailed personal portrait 	1
to overcome my resistance 	1
itself and retreats 	0
somewhat short 	0
makes a better short story 	0
a documentary to make the stones weep -- as shameful as it 	0
clean-cut dahmer ( jeremy renner ) and fiendish acts that no amount of earnest textbook psychologizing can bridge . 	0
the same way you came -- a few tasty morsels under your belt , 	1
gorgeous locales 	1
a cinematic fluidity and sense 	1
a renowned indian film culture 	1
lyrical and celebratory vision 	1
ineptly directed action sequences and some of the worst dialogue in recent memory . 	0
the cleverest , most deceptively amusing comedies of the year 	1
a whip-smart sense of narrative bluffs 	1
a fairly enjoyable mixture of longest yard ... and the 1999 guy ritchie caper lock stock and two smoking barrels . 	1
directed , highly professional film that 's old-fashioned in all the best possible ways 	1
that 's there to scare while we delight in the images 	1
shot in artful , watery tones of blue , green and brown 	1
rich 	1
energizes 	1
more slowly 	0
suggest possibilities which imbue the theme with added depth and resonance 	1
look american angst in the eye and end up laughing 	1
charismatic 	1
so much fun 	1
the film boasts at least a few good ideas and features some decent performances , but the result is disappointing 	0
personal tragedy and also the human comedy 	1
a charming , banter-filled comedy ... one of those airy cinematic bon bons whose aims -- and by extension , accomplishments -- seem deceptively slight on the surface 	1
a fascinating glimpse into an insular world that gives the lie to many clichés and showcases a group of dedicated artists . 	1
think they 	0
lags badly in the middle and lurches between not-very-funny comedy , unconvincing dramatics and some last-minute action strongly reminiscent of run lola run 	0
the script assumes that not only would subtlety be lost on the target audience , but that it 's also too stupid to realize that they 've already seen this exact same movie a hundred times 	0
one-sided documentary offers simplistic explanations to a very complex situation . 	0
rough 	0
great , has solid acting and a neat premise 	1
the milieu is wholly unconvincing ... and the histrionics reach a truly annoying pitch . 	0
responsible 	1
timeless and 	1
be glued to the screen 	1
it is scott 's convincing portrayal of roger the sad cad that really gives the film its oomph . 	1
gentle and humane 	1
, transforms that reality into a lyrical and celebratory vision 	1
new favorite musical 	1
this picture is murder by numbers , and as easy to be bored by as your abc 's , despite a few whopping shootouts . 	0
eerily accurate depiction of depression . 	0
good deal 	1
95-minute commercial 	0
report card : does n't live up to the exalted tagline - 	0
in clichés and mawkish dialogue 	0
the film is essentially juiceless . 	0
dull , dumb and derivative horror 	0
authentic account 	1
too much of the movie feels contrived , as if the filmmakers were worried the story would n't work without all those gimmicks . 	0
single-minded as john carpenter 's original 	0
important , original talent 	1
a rumor of angels does n't just slip -- it avalanches into forced fuzziness . 	0
it 's good , hard-edged stuff , violent and a bit exploitative but also nicely done , morally alert and street-smart . 	1
cool visual backmasking ) 	1
deep-seated , emotional 	1
is well told 	1
some real vitality and 	1
is genial but never inspired , and little about it will stay with you 	0
of ( woo 's ) best work 	1
an exceptionally good idea 	1
does n't ignore the more problematic aspects of brown 's life . 	1
solondz may be convinced that he has something significant to say , but 	0
endless assault 	0
is a movie so insecure about its capacity to excite that it churns up not one but two flagrantly fake thunderstorms to underscore the action . 	0
yiddish stage 	1
dirty 	0
a zinger-filled crowd-pleaser that open-minded elvis fans 	1
from its nauseating spinning credits sequence to a very talented but underutilized supporting cast 	0
moving , and adventurous 	1
skip this dreck 	0
hoffman waits too long to turn his movie in an unexpected direction , and even then his tone retains a genteel , prep-school quality that feels dusty and leatherbound 	0
downhill as soon as macho action conventions assert themselves 	0
a great movie 	1
is a film -- full of life and small delights -- that has all the wiggling energy of young kitten . 	1
loss and loneliness 	0
a canny crowd pleaser , 	1
about the life 	1
the wayward wooden one end it all by stuffing himself into an electric pencil sharpener 	0
part of that delicate canon 	1
need movies like tim mccann 's revolution no. 9 . 	1
very handsomely produced 	1
plain dumb 	0
think of it as gidget , only with muscles and a lot more smarts , but just as endearing and easy to watch 	1
not only is it hokey 	0
blessed with a searing lead performance 	1
, colin hanks is in bad need of major acting lessons and maybe a little coffee . 	0
certainly wo n't be remembered as one of ( witherspoon 's ) better films . 	0
none of the charm and little 	0
is as predictable as the tides . 	0
over-blown 	0
an excuse to get to the closing bout ... by which time it 's impossible to care who wins 	0
biggest disappointments 	0
i just saw this movie ... well , it 's probably not accurate to call it a movie . 	0
a bit cold and relatively flavorless 	0
elegant 	1
that turns me into that annoying specimen of humanity that i usually dread encountering the most - the fanboy 	0
full of holes that will be obvious even to those who are n't looking for them 	0
an undeniably gorgeous , terminally 	1
self-consciously flashy camera effects 	0
that hitchens ' obsession with kissinger is , at bottom , a sophisticated flower child 's desire to purge the world of the tooth and claw of human power 	1
is not worth 	0
the adventures of direct-to-video nash 	0
into a few evocative images and striking character traits 	1
memorable cinematic experience 	1
a liability 	0
a unique , well-crafted psychological study of grief 	1
created a monster but did n't know how to handle it 	0
jolt you out of your seat a couple of times , give you a few laughs , 	1
, it can seem tiresomely simpleminded . 	0
feels more like an extended , open-ended poem than a traditionally structured story 	1
stereotypical familial quandaries 	0
in terms of execution this movie is careless and unfocused . 	0
freshman fluke 	0
always the prettiest pictures that tell the best story 	1
is a big letdown . 	0
but it 's hard to imagine a more generic effort in the genre . 	0
a rollicking adventure 	1
little wit 	0
often messy and frustrating , but very pleasing at its best moments , it 's very much like life itself . 	1
irksome , tiresome nature 	0
every frame of this stylish film that is able to visualize schizophrenia but is still confident enough to step back and look at the sick character with a sane eye 	1
sure to make a clear point -- even if it seeks to rely on an ambiguous presentation 	1
brilliant surfing photography 	1
a somewhat backhanded compliment to say that the film makes the viewer feel like the movie 's various victimized audience members after a while , but it also happens to be the movie 's most admirable quality 	1
social injustice 	0
one of the most important and exhilarating forms of animated filmmaking since old walt doodled steamboat willie . 	1
two towers outdoes its spectacle . 	1
while something of bubba ho-tep 's clearly evident quality may end up languishing on a shelf somewhere 	0
a larger-than-life figure , 	1
effortlessly 	1
's simply unbearable 	0
's part of what makes dover kosashvili 's outstanding feature debut so potent 	1
equals the sum of its pretensions 	0
looking for a story 	0
with but they 're simply not funny performers 	0
who normally could n't care less 	0
with a tawdry b-movie scum 	0
an ungainly movie 	0
a fascinating case study of flower-power liberation -- and 	1
cope with the mysterious and brutal nature of adults 	1
a choppy ending 	0
careless 	0
interesting 	1
sexy , funny and touching . 	1
a clichéd and shallow cautionary tale about the hard-partying lives of gay men . 	0
of advocacy cinema that carries you along in a torrent of emotion as it explores the awful complications of one terrifying day 	1
is quite possibly the sturdiest example yet of why the dv revolution has cheapened the artistry of making a film . 	0
a lifetime 	1
does seem pretty unbelievable at times 	0
perfect as his outstanding performance as bond in die 	1
last 15 years 	1
substitute plot for personality 	0
the richness of characterization that makes his films so memorable 	1
you have the patience for it 	0
is so engagingly 	1
bracingly truthful 	1
it 's a loathsome movie , it really is and it makes absolutely no sense . 	0
concrete story 	1
her own screenplay , jumps to the head of the class of women 's films that manage to avoid the ghetto of sentimental chick-flicks by treating female follies with a satirical style 	1
an entertainment so in love with its overinflated mythology that it no longer recognizes the needs of moviegoers for real characters and compelling plots . 	0
otherwise appalling , and 	0
most touching movie 	1
will be pleased to discover that tian 's meticulous talent has not withered during his enforced hiatus 	1
successfully recreates both the physical setting and emotional tensions of the papin sisters 	1
staged violence overshadows everything , including most of the actors 	0
its effectiveness 	1
releasing a film with the word ` dog ' in its title in january lends itself to easy jokes and insults 	0
a cellophane-pop remake of the punk classic ladies and gentlemen , the fabulous stains ... crossroads is never much worse than bland or better than inconsequential . 	0
taken one of the world 's most fascinating stories and 	1
posing as a real movie 	0
city by the sea is a gritty police thriller with all the dysfunctional family dynamics one could wish for . 	1
a headline-fresh thriller set among orthodox jews on the west bank , joseph cedar 's time of favor manages not only to find a compelling dramatic means of addressing a complex situation 	1
this overlong infomercial , due out on video before month 's end 	0
macdowell ... gives give a solid , anguished performance that eclipses nearly everything else she 's ever done . 	1
skeeved 	0
strikes a defiantly retro chord , and outpaces its contemporaries with daring and verve . 	1
-- like a rather unbelievable love interest and a meandering ending -- 	0
it one of the year 's most enjoyable releases 	1
with witty dialogue and inventive moments 	1
is a remake by the numbers , linking a halfwit plot to a series of standup routines in which wilson and murphy show how funny they could have been in a more ambitious movie 	0
which also seems to play on a 10-year delay 	0
frantic than involving , more chaotic than entertaining 	0
his is an interesting character 	1
excuse to get to the closing bout ... by which time it 's impossible to care who wins 	0
to finish , like a wet burlap sack of gloom 	0
bundling the flowers of perversity , comedy and romance into a strangely tempting bouquet of a movie 	1
it 's not a bad premise , just a bad movie . 	0
bogdanovich puts history in perspective 	1
may pick up new admirers 	1
, an archetypal desire to enjoy good trash every now and then . 	0
cheap junk and an insult to their death-defying efforts 	0
is nothing but a convenient conveyor belt of brooding personalities that parade about as if they were coming back from stock character camp -- a drowsy drama infatuated by its own pretentious self-examination . 	0
captivating and intimate study 	1
start reading your scripts before signing that dotted line 	0
the name of high art 	1
budding amours 	1
all by stuffing himself into an electric pencil sharpener 	0
a great piece to watch with kids and use to introduce video as art 	1
the filmmakers found this a remarkable and novel concept 	1
strangely draws the audience into the unexplainable pain and eccentricities that are attached to the concept of loss 	1
this is n't a stand up and cheer flick ; it 's a sit down and ponder affair 	1
frothy ` date movie 	1
sharp as a samurai sword 	1
that brown played in american culture as an athlete , a movie star , and an image of black indomitability 	1
is more fascinating -- being real -- than anything seen on jerry springer . 	1
the film never gets over its own investment in conventional arrangements , in terms of love , age , gender , race , and class . 	0
she is a lioness , protecting her cub , and he a reluctant villain 	1
the modern remake of dumas 's story is long on narrative and ( too ) short on action . 	0
subtlest works 	1
the overcooked , ham-fisted direction 	0
dimness 	0
a powerful sequel and one of the best films of the year 	1
that van wilder does little that is actually funny with the material 	0
easily the most thoughtful fictional examination 	1
is a welcome and heartwarming addition to the romantic comedy genre . 	1
oddly whimsical 	1
with loosely connected characters and plots that never quite gel 	0
often lingers just as long on the irrelevant as on the engaging , which gradually turns what time is it there ? 	0
like a skillful fisher 	1
not quite as miraculous as its dreamworks makers would have you believe , but it more than adequately fills the eyes and stirs the emotions . 	1
overlong documentary about ` the lifestyle . 	0
in place for a great film noir 	1
achingly enthralling premise 	1
with universal appeal 	1
unlikely to inspire anything more than a visit to mcdonald 's , let alone some savvy street activism 	0
an action/thriller 	1
not easily and , in the end , not well enough 	0
predisposed to the movie 's rude and crude humor 	0
let crocodile hunter steve irwin do what he does best , 	1
a lot richer than the ones 	1
the actors improvise and scream their way around this movie directionless , lacking any of the rollicking dark humor so necessary to make this kind of idea work on screen . 	0
well-balanced 	1
are made for each other . 	1
powerful 	1
badly cobbled look 	0
that it does afford 	1
badly made on every level 	0
violent , vulgar and forgettably entertaining . 	0
cradles its characters , veiling tension beneath otherwise tender movements 	1
a tear-stained vintage shirley temple script 	1
is intelligently accomplished 	1
broken with her friends image in an independent film of satiric fire and emotional turmoil 	1
damage 	0
soderbergh is n't afraid to try any genre and to do it his own way . 	1
while demonstrating vividly that the beauty and power of the opera reside primarily in the music itself 	1
just a bunch of good actors flailing around in a caper that 's neither original nor terribly funny . 	0
gentle but insistent sincerity 	1
an appalling ` ace ventura ' rip-off 	0
how 	1
disconnects 	0
, and irritating 	0
of the joyous , turbulent self-discovery 	1
felt performances across the board . 	1
despite iwai 's vaunted empathy 	0
that `` gangs '' is never lethargic 	1
despite lagging near the finish line , the movie runs a good race , one that will have you at the edge of your seat for long stretches . ' 	1
is a shame that more wo n't get an opportunity to embrace small , sweet ` evelyn 	1
want to see it twice 	1
holds as many good ideas as bad is the cold comfort that chin 's film serves up with style and empathy . 	1
covers this territory with wit and originality , 	1
ultimate point -- that everyone should be themselves -- 	1
erratic career 	0
enriched 	1
predictably conventional 	0
fans will undoubtedly enjoy it , and 	1
cinematic touchstone 	1
lack-of-attention 	0
the immersive powers of the giant screen and its hyper-realistic images are put to perfect use in the breathtakingly beautiful outer-space documentary space station 3d . 	1
a decomposition of healthy eccentric inspiration and ambition 	0
bold biographical fantasia 	1
a smartly directed , grown-up film of ideas 	1
its sweeping battle scenes 	1
inconsequential 	0
wears out 	0
remarkable yet shockingly 	1
the art direction and costumes are gorgeous and finely detailed , and 	1
of critical jim two-dimensional and pointless 	0
that seems tailor 	1
the plot has a number of holes , and 	0
simple , sweet and romantic 	1
it 's a masterpiece . 	1
the era of the intelligent , well-made b movie is long gone 	0
teens are looking for something to make them laugh 	1
big-fisted 	1
a more graceful way of portraying the devastation of this disease 	1
fails to give his audience a single character worth rooting for ( or worth rooting against , for that matter ) 	0
be a different kind of film 	1
the metaphors are provocative , but too often , the viewer is left puzzled by the mechanics of the delivery 	0
